50
500 1
89384 30887 92778 36916 47794 38336 85387 60493 16650 41422 2363 90028 68691 20060 97764 13927 80541 83427 89173 55737 5212 95369 2568 56430 65783 21531 22863 65124 74068 3136 13930 79803 34023 23059 33070 98168 61394 18457 75012 78043 76230 77374 84422 44920 13785 98538 75199 94325 98316 64371 66414 3527 76092 68981 59957 41874 6863 99171 6997 97282 2306 20926 77085 36328 60337 26506 50847 21730 61314 25858 16125 53896 19583 546 98815 33368 15435 90365 44044 13751 71088 26809 17277 47179 95789 93585 5404 2652 92755 12400 99933 95061 49677 93369 47740 10013 36227 98587 48095 97540 40796 80571 51435 60379 97468 66602 10098 12903 73318 70493 26653 60757 97302 60281 24287 9442 53866 29690 28445 46620 58441 44730 58032 8118 38098 5772 34482 90676 20710 98928 4568 77857 79498 72354 54587 76966 55307 64684 6220 28625 51529 32872 5733 48830 9504 30020 58271 63369 59709 86716 26341 18150 47797 724 42619 2246 22847 93452 92922 43556 92380 97489 37765 88229 69842 92351 65194 41501 57035 87765 70125 24915 36988 75857 73744 46492 22228 48366 9860 81937 51433 52552 16438 99229 53276 75408 1475 76122 68859 94396 36030 61238 8236 73794 65819 94429 66144 31012 35929 39530 18777 22405 64444 55764 14614 54539 18607 36841 2905 44819 35129 70689 97370 67918 69918 66997 43325 87744 59471 12184 98491 95500 89773 6726 85645 55591 17506 68140 2955 69787 7670 38083 8543 88465 10198 39508 59356 28805 76349 78612 73623 27829 49300 87344 95747 35569 54341 55423 23312 13811 67606 21802 25662 73731 44879 11306 29321 78737 79445 48627 48523 3466 86709 73417 8283 13259 12925 67638 42063 5625 62601 32037 33453 11900 19380 45551 47469 90072 974 87132 3882 84931 8934 45895 58661 70164 57200 87982 48900 52997 52960 13774 72814 39669 87191 81096 52927 16467 65085 11341 22091 27685 43377 55543 55937 79108 17446 19757 69180 18419 6888 89413 3349 32173 51660 62010 2337 25211 66343 67588 78207 19302 97714 67373 75322 1256 64820 44600 17722 29905 55940 39812 73941 15668 11706 46229 11128 29151 65985 96659 63921 89225 2423 67270 21397 54082 45631 40085 79293 11973 7673 73851 47626 5386 41223 39300 6641 6043 83899 40714 52299 56191 80525 42591 88210 8582 88820 99337 37733 71156 95995 18005 60380 14770 85274 81777 68851 47256 21861 48143 75580 45885 21994 23206 67622 79568 62505 90614 1962 62755 31327 54260 18945 28203 13203 23507 36785 2022 22843 90869 89529 35190 8873 49909 49959 10499 48037 18809 57754 86249 83304 33334 32134 21649 72891 99755 17568 51747 90369 19530 14501 38047 73789 49798 66250 86991 73304 3034 5364 12498 10254 94893 47687 19126 61153 13997 45976 9189 49158 3730 95437 32461 53415 43922 70461 26305 60029 88028 78051 66749 7557 8903 4795 97698 58700 71044 1040 32003 90429 6404 44501 682 17648 8539 36160 95152 22536 82135 4340 71693 2216 16128 20505 55630 60050 90965 98286 36430 95344 76336 3178 2901 85239 7972 16950 60290 95368 17989 92293 85796 40744 53145 2830 58391 61683 55341 53542 570 53827 74233 
500 1
72262 56043 90361 9118 28024 66762 82 26310 3191 95426 18997 6368 14678 4235 30691 31627 64525 26058 49615 73169 28206 90359 26313 47387 65101 4347 2727 34995 4917 56553 25579 93530 28947 32291 2648 56971 99052 19081 99632 18594 30858 18628 41313 61887 39215 88356 93513 20091 14413 59480 9611 58970 66190 52275 6356 47642 56621 25434 98988 77889 98339 24567 87771 27285 56857 90418 607 72261 25850 238 7206 73060 35218 48519 34946 90784 36874 28459 10874 67638 4290 20484 26608 70479 72758 49315 34472 45730 91101 33460 23619 89439 58026 11389 33075 31234 18158 33682 3494 60359 50271 10700 33418 1840 75570 68364 92623 28795 13174 19848 96432 17463 56683 39391 4293 45792 5058 55116 91522 96158 88575 31492 1948 62952 59232 35022 10538 93741 85055 14031 54099 35326 41082 87517 53517 33003 72232 46140 61797 85405 82339 74581 19219 39022 13971 39863 84813 35380 94978 92686 31537 99905 24177 33484 79208 99760 84858 89745 93500 69912 20128 63951 5237 77561 67819 75106 10564 40050 21245 88712 41806 19935 63292 77376 58956 93615 33590 43769 28994 44919 52806 76883 44823 76983 26718 24031 93094 11575 30127 86594 81487 50254 50544 3075 27815 34714 78180 38378 74763 15776 27089 32920 35711 6733 10295 11018 347 60236 71138 45692 5154 23944 22574 66329 926 49292 6711 94019 77218 36837 96964 75056 87091 63859 78131 14905 98572 72662 69634 89686 4790 13074 22605 56852 19806 49251 67869 36504 9486 39007 82196 14640 62950 21121 80968 80227 86764 87678 90597 63982 40866 87561 39037 27956 67771 33519 59212 66343 22533 45197 72380 27322 58271 94985 84173 94428 44235 52041 47284 70073 7399 45831 1064 70348 66951 82031 50574 53715 86060 57523 34048 26925 45083 89436 71233 29205 22955 30444 11899 45487 75641 84279 89160 50263 79263 89684 61042 39849 41724 8325 26273 49123 54155 27336 35822 37458 9366 2748 91172 11777 60270 25219 38702 21704 14654 9934 50908 53960 56729 62807 15798 48721 47085 21309 15335 42699 10992 76377 98899 52716 1053 25172 18190 71560 52507 54011 9017 78225 73110 16540 90001 33379 58110 45054 55082 89115 71339 5990 59427 28068 85148 75224 76788 32232 96533 92123 91282 23876 84851 90180 76591 2255 15351 11132 73814 67858 81495 99182 46082 54604 15721 52434 87983 90182 97488 59416 79297 68826 65405 38723 96893 50552 30298 90033 99135 43182 98507 90416 67058 99709 80596 60000 1963 12298 87484 75777 80155 68978 91310 42588 39933 23383 95022 44267 13564 8861 3683 9212 77686 69087 64286 90931 35991 94584 97315 51477 54117 95821 41893 37526 95529 38840 97526 97491 51137 1361 89619 47644 70338 80929 6583 26622 4311 17956 70889 34226 26816 74571 43438 20854 60009 7723 11784 12351 18658 9098 63828 89127 21270 22072 26652 33150 60911 40529 30640 28399 41889 36611 92394 28578 33891 98977 55200 54553 16932 26088 88778 60100 658 48567 80953 77018 72642 92736 89369 91299 18185 53196 96777 55806 75267 23429 88955 52529 80309 19594 97279 22198 72556 89673 50775 6446 5001 22326 60998 38284 48413 66128 98383 65422 
500 1
14694 79335 42440 87335 88422 48160 94986 22958 1355 91762 78763 92973 31542 67717 61853 11851 3663 75483 50400 76218 65155 1174 99016 86507 39852 76365 24791 88264 42492 23173 70038 73538 18860 28829 60872 7281 76988 55857 46591 78342 63971 25353 87666 95512 93070 49518 7362 13084 41352 74113 89301 6507 91639 4668 9365 31490 81033 34155 36105 39876 73680 6142 13413 92539 34970 90637 16171 11957 62845 62761 6650 26815 4466 94315 22327 13887 60184 46040 26970 1536 20153 32622 24394 11791 37290 50110 59632 34674 84265 95736 74549 74296 1878 4314 66834 53199 94950 99356 65156 57794 78469 88157 961 82934 98824 23287 13172 75359 85678 40141 93246 22182 72762 33991 50324 10051 84101 9955 61076 68365 22043 35625 42660 23920 56290 25845 93470 51239 41552 74977 25384 20020 63134 26344 19305 61957 65982 32476 53667 68012 88968 46913 90193 61730 80903 56869 88132 65003 83175 49208 49719 5217 1184 92378 45488 57473 34574 38958 25063 76126 13934 66798 12497 93419 93142 48154 71727 75475 96981 25394 43486 85949 72306 50031 64030 69560 6899 52161 34563 6425 17720 84281 11642 18903 93011 73481 92727 27584 28790 34141 3709 42724 939 32558 52494 10432 80711 24221 85906 77691 49614 29392 63639 38271 79422 27668 7830 2672 96181 58744 9096 13900 43025 37089 49155 52387 10570 58233 79970 55711 92374 31 98434 9664 32588 67280 20095 29650 91500 22352 7340 57465 51743 87331 12087 47516 31350 19916 50187 43882 95012 75635 74134 54388 12723 23288 6774 39644 81520 86743 95355 90245 3125 10140 16260 52064 77419 36354 81713 85270 58706 5405 42734 26800 92735 54820 74316 40436 91088 40854 670 2451 16488 74803 56838 45563 98090 63611 85206 95961 66705 96912 2558 69830 23404 18817 21893 822 71523 3606 2444 46580 25362 61529 73379 34448 32701 64046 74883 23788 4900 75552 42590 21387 50354 99427 66949 64795 63037 68507 77108 46093 65418 79665 15922 88821 98481 54167 5995 86355 74124 8438 32934 99485 86318 6313 33932 19018 86710 25166 59157 91609 17070 1746 12996 67423 1172 96296 48570 80560 64802 25677 26653 46572 5341 58926 51744 20173 13092 74090 6528 3567 98879 55813 3051 85197 62125 53334 4214 65187 78500 63371 56795 95569 65116 86142 79343 82640 82438 44264 63199 63591 69940 6203 26514 91632 65129 78258 11805 94572 52347 34684 98139 51226 90496 17541 36422 68973 87227 40635 34159 65726 20357 90953 77646 85473 93447 73340 68112 75884 17604 47662 55826 87543 70217 82340 79175 35345 60597 7331 46268 29295 42014 60758 80520 48861 94651 33293 17833 81877 90280 51991 63954 10636 59296 41599 96108 52742 14938 80571 44977 32541 44585 802 20084 14801 99493 15610 66497 76441 22940 12764 5736 81305 89874 2607 30165 84524 52252 64350 82752 42531 16340 46705 53166 91987 88303 65626 61080 19592 62548 22408 68485 7132 39562 4920 21932 39054 20529 88428 15495 59820 17544 37582 41124 23769 40188 87640 24644 92439 51989 7395 51321 84681 54099 4487 93019 58753 86464 94696 49011 76506 63180 56143 16067 68099 94426 71473 4979 82854 
500 1
86967 64798 16749 24548 22273 40517 81087 9913 65160 89878 61901 72554 41198 62933 43004 62036 55952 18108 48499 10050 29155 13862 2907 92335 70004 35326 76785 64429 6798 81764 63634 10116 46561 80382 51015 85186 20898 32101 95098 2409 38330 73350 91314 95880 52635 34317 57915 8586 68776 22766 34987 97931 36627 37893 6617 6630 89570 99753 87410 96367 81516 67396 22834 44429 47777 73848 29614 85027 22301 41063 3787 60630 30764 95101 56509 83398 29417 30776 91983 14545 53541 43321 28827 6519 97566 51795 29500 87135 51547 16909 99854 33063 84304 22687 93843 48433 96535 39808 49811 18835 80870 53597 95816 27985 48697 52325 11383 94466 99452 19717 25362 69344 63038 54188 75862 60603 5982 5361 64089 73880 38621 63942 23294 22925 86629 17136 87709 83163 56943 53871 1997 54164 7467 97812 98501 72516 66488 26235 83333 82291 45951 8694 51634 25340 62881 27495 2294 85214 32855 66383 75445 71476 30324 98739 10752 16952 15874 14812 16466 89169 68682 34814 59684 92500 48978 74536 65015 15465 770 48347 14108 63073 73392 65741 88412 52624 9588 7058 37837 58794 73440 13282 46621 20115 28372 57372 53419 60597 88535 69884 49765 73568 4698 25801 66068 53675 336 47434 85491 17458 12133 15950 80530 85524 81691 85293 38148 7630 92350 92336 66423 82141 21969 13044 2256 50340 86767 72026 10937 91654 58261 77053 65221 62958 19205 31288 32984 19541 78722 34827 36998 7206 67128 33879 92729 65170 19171 47228 72799 11521 39564 39222 93661 77884 68617 12268 28224 55383 84293 55512 47036 42554 32564 28609 21863 51769 59896 71199 87661 54969 22377 41010 62174 89504 74888 71255 54674 94058 18482 43824 21930 74397 83045 31943 52281 68013 44210 96856 39748 44855 52367 3135 3760 1282 31743 41974 69402 91639 13172 73414 62959 51900 14423 41485 57756 5662 29091 28781 16072 63924 72604 38001 38321 72001 69943 6953 40013 30505 3808 79760 75359 72526 82895 79118 90159 14637 21091 59561 22627 50615 32974 1938 18866 63749 43422 76621 69410 88864 5401 1833 52787 78005 39834 7459 66357 26128 14411 6369 56632 34570 86129 48342 23447 85375 27459 13606 11 64902 73166 38990 31868 22491 40927 50733 86239 700 43706 89563 65458 73833 42349 43462 30018 49808 26170 72498 80570 32539 29129 15140 35019 77471 38586 20393 21281 68543 36755 2534 41708 75744 34401 80551 33022 1486 66789 33721 45191 55141 39635 10648 45326 81984 70462 91695 48143 96631 64192 45064 45521 93321 76555 80539 87143 31493 931 8423 35 37686 27309 58095 29781 61709 38645 62803 79546 21785 96523 41088 76926 36158 51736 38603 34493 38549 30297 98987 51531 10841 44050 97052 20513 36957 77590 7655 68449 94873 32429 68483 32558 76089 26577 62338 37798 25140 33695 87006 38015 74783 80283 90524 42870 35237 25016 81418 81885 40354 49300 92725 755 46351 13237 37711 40293 37243 6159 35165 86024 74642 67722 62112 17570 46411 16261 82791 87903 49956 86148 25917 41090 82782 16440 83959 18018 57807 65376 99902 14512 14675 8979 15266 77378 38567 52977 17670 92162 59135 52834 94537 50128 36907 
500 1
73000 67698 83317 89261 66840 87571 55568 52987 13487 13009 35768 46278 96967 70137 20436 78694 70038 34947 9720 95368 50213 87097 33935 19541 21118 26096 78675 73951 20632 28803 27209 93631 12852 10526 99243 79691 14448 71162 32677 27935 84170 84796 90564 81136 54932 27352 76181 41321 62298 85901 36689 28862 72997 86975 48402 94115 13070 43429 84417 50053 88583 11626 43683 1434 38503 59278 81124 52950 46791 30152 97236 30961 14947 87800 28448 86230 31503 4629 27550 93800 90529 80590 39014 79877 67564 3767 73991 96985 47195 74760 47037 35777 86385 7072 37210 41239 82701 34685 10540 29491 64836 7776 60451 79782 11927 5251 82363 9879 26265 53580 16759 6854 8945 96635 90770 12712 86978 4106 76258 61737 51143 12035 64473 74566 65596 5711 57266 16633 16250 3108 81468 40377 63559 77602 52303 85161 59964 12083 95039 86228 82015 11797 9434 90959 8431 16555 3670 95408 20660 79928 73496 71802 8314 37968 62719 90261 60030 36336 6893 92632 39444 4713 33008 19354 82314 1663 4514 58629 30097 99552 44857 12111 27700 70642 3070 52482 87196 23091 47890 7855 19370 37737 96009 27683 75705 58727 34296 35734 11415 41188 28365 50858 62252 77725 70211 44565 95739 74724 3194 25835 90627 64402 37946 18326 51395 57367 70807 38590 80457 35048 62796 99827 72785 58804 43861 64841 33883 78156 574 61649 35696 45291 12506 97947 39367 99068 58864 35105 73791 78409 77291 80769 59162 15236 99094 10556 72602 86252 49145 69411 37652 28292 85589 10436 3448 29449 75276 53682 23957 92201 15330 59652 53843 27835 73950 9561 26902 49165 44665 17044 27573 21956 97812 86734 53543 13257 13641 42497 15860 79137 28259 53511 7429 13847 80298 10876 43295 71925 64557 67251 64126 79886 43254 34320 24072 33556 43881 67325 82720 4897 84368 26645 43204 98531 29730 96747 11787 43371 55595 27646 38859 83853 97509 46287 97699 77806 73514 57345 49731 54422 40948 30208 50659 84201 80879 74730 34108 24759 42054 33180 46008 42773 76176 89211 41303 5905 2309 69441 65627 57903 97087 4486 58107 10947 67124 55805 88752 40638 29502 54834 11411 70449 1393 62070 71001 82272 53151 5109 23382 11557 38288 69389 54329 14463 74952 11984 36719 77260 81424 2346 51515 94862 23183 25973 5808 6658 98130 10912 47295 27631 65745 75058 98079 67138 37127 69079 65761 6629 74187 89142 18185 28826 74883 88866 59640 49834 849 96359 43445 98624 15056 11311 93486 54590 37284 15645 61247 35413 26556 24894 63043 92301 99951 61121 75790 53429 46551 41550 60057 20738 47043 78242 65915 21925 83459 25555 88110 659 38265 31555 99282 53320 59217 9119 24261 96500 24764 85507 48264 51319 10400 11306 59971 26702 88778 52112 80130 35329 10013 40187 72418 57056 34780 54684 78980 34590 80238 67090 35248 34854 14996 50881 4525 74212 60000 28785 70712 1115 30644 35327 68785 41043 46633 45108 84097 51762 97219 64226 3442 7232 20764 92211 64287 71895 46895 59618 22836 43484 43059 58083 78338 58054 25316 99214 48618 85315 27999 35681 2781 58642 71007 71565 16036 17639 33024 132 85753 30243 80710 5546 
500 1
53826 17825 97757 34464 6072 61003 94081 28907 4486 53492 86990 99175 11545 28657 98389 60162 13971 42739 95842 33103 1380 66849 21019 33767 839 54043 50251 2943 84285 30960 8489 54462 65136 22597 88925 71207 83599 99357 114 4436 52848 3455 19963 80745 32111 34703 57258 62433 77441 69452 11887 95172 36300 32905 45290 53490 86947 95540 72785 87583 42851 81273 42044 7987 3869 47320 79193 3819 46677 95658 8254 15876 15464 28216 96620 63926 79270 53878 42710 56710 39681 54596 68233 92332 87501 13523 45821 74447 25414 34957 62030 68265 16229 20425 76251 36449 67745 71795 56619 30773 83805 64873 46648 99268 9440 59620 63194 88710 29849 22255 61771 69529 76851 46356 61860 64351 76230 24032 55149 1643 58989 17178 69907 91569 53955 62509 44370 21699 34304 988 52471 18108 82212 15470 33727 8004 91441 13272 13065 21289 35527 91187 90817 12377 37542 69028 93079 30123 93060 48227 31766 68400 65405 18024 59968 19359 80533 20689 57409 31188 21677 26231 49295 20240 58052 99373 28243 49493 12645 41307 70781 64523 32494 77950 76899 86387 63329 69977 16510 56388 18203 64627 41139 99959 82650 17459 35669 63182 38147 9429 10721 76175 35659 60015 96415 10063 75740 24657 59555 4736 82316 30335 69258 31161 24636 62508 17547 87965 32484 34056 60704 67038 15034 1843 83349 97684 19301 35369 77217 57447 61150 87938 33622 13160 64304 46388 23222 40043 71044 82776 44778 69711 29463 30387 871 54098 92894 18418 42062 41729 68825 19118 8767 83859 20960 8467 97894 40260 60187 75110 14058 21336 63047 64031 34496 43703 10418 57717 97 97814 40493 44875 67524 86307 75261 68395 40404 84507 3164 98818 26235 88340 17935 51353 88550 38894 59819 86443 95505 20006 77905 25914 57693 57303 89945 92188 1005 362 66257 1102 14527 6749 62328 82051 93055 53940 66797 49810 38446 86312 48627 64681 91003 82913 16033 79553 38158 92204 82347 33662 28561 60251 75928 86253 17554 65872 78441 18558 82585 61049 36011 97112 84149 98338 95514 93555 52278 78662 43364 7075 81325 8343 71755 72327 91255 4140 51879 45765 96343 34226 95778 24903 10828 71705 11155 28381 37576 5947 63291 20161 66995 99301 33624 51143 13991 45489 44697 82620 24150 4413 89694 21826 12755 61449 94152 20361 65588 62383 66125 61930 12960 61903 3184 23787 33607 14338 52168 87535 36637 31810 24047 3631 31110 57670 71126 61452 3158 32174 44071 43659 36586 33765 65484 49340 11565 75987 86053 93504 38369 52177 55433 51328 30431 74968 91467 64038 89305 43634 51572 42293 91795 75618 62276 39256 49639 33401 708 69148 65574 29158 2160 94894 10993 67851 6458 86979 53903 99961 25348 22432 71745 93027 52862 46712 84493 16899 52369 44478 84822 94661 36272 76791 73288 91880 42781 6688 92587 28280 88614 37364 57437 7125 48610 68429 74975 55067 71760 45230 55028 13459 67661 26772 6485 36874 89836 7330 70125 42204 68159 54946 53216 20783 48089 26504 12662 90869 49543 5248 35501 38156 58963 92937 61632 7572 77718 52959 62639 49477 98188 34018 62935 82200 77141 85771 19073 83328 9452 89197 41883 77611 
500 1
60495 95099 98393 8583 37954 11054 15803 3848 32653 67655 58356 91615 60592 19987 15539 54661 72945 94529 20489 87484 28546 83423 86035 22038 85545 5108 5366 94997 10656 47248 72607 71150 58698 87351 96084 13003 98404 28239 16851 31056 95893 75206 39022 72836 95192 70912 27496 84489 65440 47984 88324 10337 47758 74359 48727 33303 79466 54092 44651 90121 17691 33609 77623 76389 20959 90058 89391 19362 18296 6241 66769 30541 97798 22142 3376 9342 93054 47224 93830 74845 11559 82153 1534 59317 56511 50260 8971 52328 4351 69973 58801 22041 3581 52775 14781 24539 42832 4172 43900 77480 26764 27020 8020 24562 65513 27747 50255 74918 74970 44084 49763 86529 42588 51296 62197 15451 1555 71167 84130 22257 41139 42930 44297 44719 12056 75430 85609 54888 79601 29508 48719 22716 72879 56738 63629 38391 836 13883 13309 75806 74318 79423 78686 33258 47070 40882 48708 48624 28400 32837 70880 85890 92119 31528 30608 4174 6957 16216 75413 2909 62075 24131 41977 51305 97220 21957 6047 98056 35840 35707 90213 26509 15129 68898 59766 62198 26131 8473 27173 54530 57662 14404 40419 66132 62284 87378 86657 85592 19945 62070 4853 98371 2552 46829 66027 16124 68785 72073 30531 20976 7780 37095 47485 39260 5992 7250 17810 48474 32075 44982 3003 89736 75738 59773 55867 38021 63502 58875 23612 83446 20944 44816 98168 39848 91644 64194 72323 76781 52618 19205 14108 60397 56299 61592 16009 62290 85194 33818 10763 17268 95151 30117 23355 70888 95573 25260 69742 54447 65224 69539 91743 10039 67706 31590 1683 48251 20264 94815 868 39468 8922 77617 95766 86866 93625 74407 72059 27442 1521 89326 22592 47989 12680 9832 54229 8252 35091 23970 62698 314 9860 70792 10353 93917 18733 28387 42167 38996 23201 59386 37002 90580 35339 46978 81338 7397 74419 82858 13074 13363 30846 42105 23194 1426 66708 74636 41747 29406 74950 51606 16549 1654 61874 35282 30040 4040 74277 69592 79778 69092 18065 33131 76023 69756 80109 57361 77152 54527 56570 6578 84241 87416 48682 7434 5193 15390 82070 46940 61147 73371 14897 77695 75024 76771 12976 21415 97162 3605 91006 76939 72696 25422 10070 65070 95177 90178 22430 88681 61056 79000 95258 45297 82767 43939 69082 87959 75680 67503 51250 36826 57225 66147 30873 32248 42917 43848 53662 40078 47452 61019 17017 36499 86441 43438 1569 81617 49967 40350 70297 11022 19349 81906 72670 18467 42197 41752 22778 17876 25606 74027 71054 82831 40173 1926 31430 83089 45773 1444 39519 9577 62462 72887 62427 48902 16324 63995 46871 66290 20697 33519 93663 56397 15425 66333 74864 57621 24436 97641 91848 66393 88019 62901 49223 44544 64826 97005 43984 26951 98448 83502 52879 60909 56388 15305 26163 89063 95652 73033 55352 16348 22903 65367 72744 38327 48051 63959 12299 88838 77951 20499 55230 65970 83399 20805 10513 64577 17809 70848 7879 16256 54350 77109 77164 10737 8765 19678 16152 4416 92710 87855 37115 15613 53221 26211 70291 1271 90169 98942 90108 84472 19440 61690 50441 19190 82494 77305 118 16654 48152 24348 
500 1
32909 18853 1456 26424 45942 26573 46102 62093 47340 55163 49947 84455 87127 19520 27017 73770 20790 17185 72711 27250 1656 8502 5291 68448 44043 87784 62104 60513 20789 26608 1212 53697 61812 19020 96472 7753 45592 58925 86197 92931 14088 36144 93737 17566 55663 20753 91335 92804 54290 80397 36405 72297 88898 41695 57097 49293 45830 19200 26157 66618 62159 27368 36666 40323 46387 33138 48075 91978 92062 34272 84909 22501 86767 94997 40067 58781 15750 31401 67936 70039 11798 4341 42335 17047 62387 99431 82691 8217 34983 8847 91186 13493 36215 27852 53815 98953 77341 18242 90931 85754 68865 92191 8255 55631 87187 64673 30763 19288 96073 98698 89326 24222 19390 31661 57621 81777 47443 40311 89993 82425 65510 97530 12270 18076 25381 66084 17028 2721 84325 24310 88475 53189 16500 13081 25171 20039 77753 55933 39326 90177 70983 28652 14399 90372 76664 88371 72148 40458 45033 78492 39235 10542 76022 51504 28617 17754 33939 61997 36827 18264 86306 41653 87804 19158 54733 29327 39196 48837 85259 78521 39013 72593 23524 69763 62965 16539 58133 51464 73349 3166 46308 12583 30059 22329 80438 75028 56434 14376 37024 93260 48991 23329 34912 53147 42486 5996 82473 98033 54832 84083 92906 10197 56676 16429 79959 19640 49320 54444 87455 22668 73961 33762 51602 20371 72442 32039 95398 28876 46414 32421 38487 11757 72102 73399 64903 30939 95746 47375 45324 66930 31457 38229 77126 88132 71009 73436 24123 36680 44231 11578 59347 18191 61691 10948 54914 34133 59338 50311 63008 5752 99084 1494 17508 87537 91244 82410 34827 86990 46136 80150 53919 77592 18378 47396 65724 5739 20831 6198 42418 81414 17775 18117 15956 79466 45416 70869 29950 4754 21180 92957 26857 36615 10802 60716 24151 18398 59477 58977 21739 5612 39127 92009 83203 73856 39404 65278 79594 76586 71476 22012 57999 5602 40128 90307 1419 85543 61175 31368 6648 82354 24324 33504 18968 51478 94219 59470 86227 53695 18447 7965 59306 73925 99973 58861 47780 55728 24138 43726 48665 11965 65737 23016 17567 22216 13322 18985 24110 74496 50353 30758 73202 91028 64261 8521 58857 74832 67991 45083 28526 2789 53047 4184 76713 69371 63044 24492 41450 3533 68217 6467 15498 50305 29482 33064 88872 59155 68400 12982 50002 18752 60091 23203 26132 40703 48076 84988 15534 16066 30071 60412 35206 99469 80947 11918 85192 43990 52761 42993 63874 37330 49459 79371 87634 95292 28786 92858 70798 13538 22191 20800 32289 82281 60354 74772 39335 8429 59760 71221 40846 6182 47984 76051 22002 28930 4320 7193 89271 57081 66538 53144 94410 32348 48867 98395 27640 94004 7604 14789 7541 29794 35588 56182 28426 95942 30953 84113 20722 7064 55333 61568 13245 3316 53970 35247 32245 58290 58791 21515 31722 25328 91010 26131 57676 39876 40877 1667 50232 48481 16455 57772 94626 52043 30305 64336 61258 23516 85057 84673 78848 62976 97918 98515 16946 33164 30759 91587 91954 68625 23308 17282 59634 65790 91309 15862 23018 92975 66093 87850 9429 40216 82476 77823 86873 38231 42158 64482 61746 43567 49154 40593 
500 1
6542 47071 55459 39839 96586 86217 31425 88540 71193 71084 22173 47178 36873 29833 63039 76243 22807 45483 64092 48587 2051 62919 26410 88923 1149 84919 69756 79246 28485 18909 36190 51379 65980 91648 91217 62565 94216 38994 67456 65408 10077 5980 12586 63302 35812 91976 55896 74970 53811 19987 23557 72213 99258 66318 77487 16758 51236 47242 96004 96073 66150 32193 47451 48481 23841 55019 27398 18056 94012 11205 99816 20441 17185 12401 94 69348 20728 55989 44318 74538 75975 67874 63102 91584 34191 40588 8342 1778 87829 20697 14202 70331 52889 78004 18811 93081 33023 62560 11137 43386 73765 27304 80178 7301 56056 80271 76648 76783 36259 20965 67673 28586 88838 30774 20169 39380 71362 44862 57510 59190 65558 71711 29520 18447 66067 64683 27879 99089 27242 55367 58826 17358 82670 39004 24658 38725 35626 1306 15508 71885 22270 99532 470 27460 30305 36990 83191 1666 81852 57052 77208 47409 28763 23079 82207 94829 87761 10086 10269 31355 65452 85446 48712 48122 40801 73370 86846 76427 91027 18705 64663 13296 18236 65132 57107 48541 2121 56650 66558 324 13701 60117 47733 58815 83196 46291 53643 87308 56376 80263 35014 38180 82061 78 86301 22861 73447 89498 15639 80825 24555 80301 10472 42790 45432 67579 7682 63905 40580 90592 64228 54280 50708 28312 13095 50255 74603 83089 53915 47330 79704 5280 85509 61764 5357 88161 976 95155 94011 16615 75979 18565 96915 86451 61354 58699 70381 85388 38955 10960 19534 65239 43038 47846 94685 9645 38800 77774 63559 86129 73829 68838 87990 35592 90547 76150 52919 85701 70160 69533 61680 88724 82800 48130 66430 41498 18510 51817 96804 45821 44147 16337 11059 87184 80534 22096 96828 19333 16221 76738 21814 90049 61928 9803 41992 52474 2304 94910 54526 72464 64443 16205 77539 63594 80686 60320 21443 15547 28488 18246 61367 72634 34582 88778 76170 15116 10873 89349 50800 27093 82439 72613 17141 44366 82415 59132 13191 1071 70393 67716 73534 51187 273 67424 14780 80958 44096 36222 96505 72583 70819 74223 61569 21753 63000 54090 53220 73872 59790 4019 17316 42228 92984 34456 2945 91750 9939 16135 92820 96684 203 82705 47870 475 50129 62650 97784 94224 15223 10640 83158 2394 84863 44726 24146 64214 15167 77365 54438 74957 97735 71753 17184 90718 22561 36481 82468 48851 68967 75287 45534 69169 57992 93404 85995 24472 72405 83779 35047 3979 94418 34556 6372 79280 95634 46869 43494 10800 40585 14283 85756 38320 86035 19292 45389 8595 55772 44208 73798 41090 19495 19331 10259 93838 29086 12605 34661 1490 96383 86059 21821 90801 20614 28192 86432 16247 91413 46277 27047 31997 60559 29154 86668 62946 48445 32057 87892 20568 76264 61689 78010 12110 81020 4620 22299 26457 17224 56959 44299 13607 43017 66119 20759 79983 10662 23542 96229 2074 69819 39627 34071 46729 68781 20738 9674 33577 69146 97566 70497 45410 59254 48506 73871 56625 53125 96170 99434 70348 53128 43732 306 12497 9850 21064 92479 20511 60958 5059 38937 30776 44686 89359 77504 13466 26448 3530 47042 95594 1095 17538 
500 1
57355 76700 82395 31225 49677 35519 43746 49110 22219 13226 9193 22524 25722 19042 59940 34552 55904 20897 39610 11192 68024 84295 550 61879 14112 26998 81760 61154 22591 82854 95043 96297 75906 93790 43873 41934 29308 87619 7395 67878 844 16587 6754 42917 51980 66693 77468 7883 3941 33429 19075 88316 17724 35976 66546 31835 62973 48306 9340 1915 47511 20735 98211 23416 14524 58436 81701 60183 46054 89095 28061 46897 22033 34814 89813 74012 17858 83632 81895 38150 17060 17321 42817 51135 53296 9362 99322 32621 57667 25013 50887 5178 45747 65450 44945 76622 23885 26646 53157 69938 32092 81217 33186 54125 32382 39350 44488 66591 22981 26382 21092 56392 60054 63908 7527 29702 73269 6848 78674 47288 48212 29560 52465 10311 95009 13761 86932 35245 56758 40088 21534 88850 37656 54719 59326 86389 94068 3813 52979 33400 46547 74070 89792 22952 54329 13670 69005 27598 36869 47678 74885 85080 93590 43701 95390 4950 57461 98674 40195 14219 55113 61728 19420 9121 16447 95097 95509 26866 15261 64840 76618 61807 55261 66409 1111 9590 96430 70115 53539 33298 17793 44775 34729 11382 88475 30119 16331 62287 45144 72877 92857 256 34605 28628 25728 67403 40076 21237 10620 55337 2428 87237 33495 57688 53645 67277 50074 4720 37167 99723 38864 81941 34452 66597 86767 80922 99279 65406 26065 72156 58262 42672 23112 3242 68400 90514 43317 5988 1133 15005 8415 4722 48500 66102 58366 99456 49731 24792 20527 86897 40866 59390 68838 75317 42338 55604 72590 41617 21009 15006 30124 95623 57678 69587 15216 42429 76452 74884 48416 77584 89889 56830 98657 54740 39283 57023 54195 89013 98166 74722 75910 55383 50463 44747 47052 92801 16702 19641 50769 54063 34647 97244 66037 8676 66830 97604 51104 43281 72487 99519 37216 78727 72700 35873 33466 11982 9247 87661 995 23764 62382 93256 79146 12844 54354 26197 21996 71055 62190 72764 41469 96836 86359 23857 5511 53188 21460 72966 96468 93947 72484 33684 72673 61535 85908 6139 73516 95154 10151 74510 18917 88884 67765 98062 18079 38470 40611 40075 9525 2800 29190 67345 99635 15549 91202 21497 68736 12661 94462 81556 22959 83297 31591 95632 44831 17498 18122 34698 12651 44624 25560 47919 33507 9676 62332 51585 48146 2942 8011 57670 5741 37201 41366 21727 69101 32567 59575 37836 45228 70388 35743 84538 53684 67333 80169 14866 84830 14642 49564 13832 59265 75123 61750 92771 1150 24082 60708 49295 27023 68718 23316 49116 5918 64682 87194 75018 97248 46769 29206 58827 17156 64948 43365 87192 48633 39885 2057 33462 70879 67972 63646 30143 59446 25395 39266 60596 65828 99973 9890 9203 68690 33206 58318 90960 97887 45511 82329 11486 8631 27886 86665 25787 9186 46381 12978 57818 86265 31386 7631 57143 15710 71276 3638 75155 13023 42903 52102 78850 59227 61992 88052 44268 11549 62721 35227 24584 33908 37272 33214 61793 40288 75352 87330 86668 4681 45147 72933 36067 52778 46427 68128 40405 50064 43282 53427 9318 11736 48629 68544 90079 53032 12812 1627 32105 64390 27413 56688 98297 81036 6253 
500 1
76442 37676 81605 63771 24343 86285 8918 97275 38703 78047 60054 6830 18451 10117 66464 88230 35787 78199 36858 4330 68277 89889 17141 86255 21993 81531 30019 95032 96179 27406 1285 72620 65081 99241 52743 89424 1877 61660 3050 56932 56058 63103 63761 90860 89572 46576 79089 25358 24774 15946 46039 9402 22187 79532 95656 60531 77414 25674 55563 73592 53080 73199 62564 18160 88791 15306 7583 90667 93317 26985 47598 49374 90087 27711 56585 96010 74286 35674 37719 15412 67971 83758 24813 6509 63289 20469 67040 40702 62494 38954 30645 31925 12152 9560 50085 17294 24865 74019 7960 34533 1003 71910 258 7442 99620 56843 19803 90257 92516 57522 5668 76838 57631 46833 83347 20919 83653 50386 77972 46146 5691 24968 78071 17842 34528 44507 51487 75744 34877 59446 10277 35880 47707 26886 59673 63678 83728 79475 70287 92595 53348 75954 69433 10978 39138 69131 48248 22790 19516 42571 85288 25206 67539 79710 59399 18418 24216 10885 10513 59092 86682 37141 11323 50741 64027 87347 14418 64106 66822 1056 56701 20169 77010 42485 47499 32499 11615 95746 55289 47482 38317 56928 89039 22207 36637 64789 56976 77204 92025 67488 52647 95058 4629 63970 45798 68655 67668 76568 49112 34489 77623 5812 71010 70984 64648 18508 3483 92614 30605 75123 40095 68921 48402 45485 7479 85038 10273 64454 78593 2297 31942 31239 97355 52922 11560 43152 37928 79228 36071 87039 30068 13694 9203 17429 1029 73850 35936 4511 82816 82893 95985 22910 68165 44386 84747 75644 45775 95019 56449 24367 97316 4742 71958 11022 57663 99869 70525 11942 79096 6596 98981 25516 36641 8183 42944 37669 98384 95232 58532 81199 78124 70868 20461 62640 15254 5207 38283 61028 225 94732 1747 13892 15825 73704 41265 73488 89924 11790 85429 85372 34737 761 10887 71377 8943 70182 25397 23679 81765 280 4877 76240 71148 25337 38880 2753 46895 77162 80132 47120 88245 81878 77363 4070 71933 18628 93909 61857 46769 95689 47228 81505 96450 74466 69233 21744 44647 10981 61774 26412 11261 66651 2651 98760 8339 41530 1512 55234 35044 97995 18705 39640 96225 12419 60061 68157 47398 53969 46365 94166 66010 9944 75670 62459 44902 554 61760 72235 62328 4523 99847 45330 23525 98606 70020 65055 16469 41605 16450 14463 76661 72441 10687 89080 32502 95196 36477 86470 57912 30643 68831 84208 22664 47641 84968 83918 48195 63079 56152 26874 67601 55998 72203 91126 54603 58574 72532 87423 179 88981 18237 76839 61421 28924 65918 93922 40471 18747 96744 14734 65741 81926 98941 88404 29567 261 72321 94113 63339 44824 20986 30940 821 9540 38417 71775 68113 10948 59197 68291 99928 93786 61482 77700 39061 43751 87974 79531 62497 1069 10616 28237 82994 9557 32993 28912 26169 21665 23024 5859 66489 44009 53150 67309 69900 91566 55436 54365 2513 30984 22655 18792 24769 488 12844 63829 44239 817 59711 6735 70327 51324 17582 96235 84316 46494 22403 5980 69517 28261 72468 29878 97763 56129 99777 89328 11564 54141 91841 58899 93148 10632 83668 93635 23475 47496 54225 40643 23559 60960 
500 1
75231 93885 28635 92813 90119 12950 55658 28873 35281 25174 73485 24101 71403 71247 96581 87532 60575 24496 58024 68767 83394 67523 79398 67061 61158 19225 30909 15382 76219 54467 92693 51450 64703 21327 60614 71173 50628 16271 45 2261 57796 73529 26361 45551 61128 22941 33082 38054 63788 91105 6820 47181 58628 2569 30594 36137 38145 77854 67870 14364 48672 76915 82165 13374 14593 59130 84546 65221 91752 942 67481 65899 90822 10193 11449 51949 49485 44530 90002 13272 51987 13173 76804 26966 15742 7397 79454 53886 85250 63675 84601 50273 40589 66765 63646 55182 25894 64543 36754 33997 65484 20586 99896 72658 30778 11344 24606 80262 72226 30960 9885 40564 44132 86688 67529 76225 10437 63334 30111 12038 27008 14711 62311 67597 97828 42308 39130 40073 23203 92235 74070 5038 12820 73965 77695 59949 85308 18653 56562 57533 49612 66446 98096 10095 69485 81976 86320 79921 45309 16430 91959 88669 47492 70621 56265 45319 12928 11746 85392 36130 3980 75813 41168 33151 49777 18862 93099 35084 53866 49660 8969 3477 16105 23416 29924 1941 21744 16243 81862 83404 49024 73820 72072 12867 44440 44688 58186 73719 56433 59929 9849 76764 35741 67368 9914 1869 2581 19364 53304 56447 69023 62272 76275 1479 2040 6198 3420 23783 22440 1633 23538 87815 75452 95610 682 36243 40297 75219 26313 13082 51499 52513 89845 3591 19880 16111 5459 38813 51826 75114 11611 20849 37386 87885 38679 55777 94083 58450 95911 32874 60082 19448 37041 51885 15057 54074 4479 55354 29292 30792 84787 97142 83304 90983 732 19536 23445 22542 58348 75271 97655 69958 12471 51392 74194 51149 23520 68276 9599 19430 17502 69680 38878 70894 37917 70286 24967 42395 41991 54258 73186 26777 67751 56490 17760 84834 92377 41204 23727 50724 16474 37733 37033 28944 89125 11226 96445 12644 95854 22395 48426 29707 8426 3655 600 46342 73940 25566 88737 15931 96175 61922 59059 63925 34763 93170 65110 27139 34374 88836 94214 67199 26568 31246 12495 32044 58824 25291 71029 47685 9465 735 56110 13119 17686 2452 87058 59603 91188 19340 69461 78399 36053 4224 87920 1162 31362 22293 6349 25576 5844 32916 73173 34690 64960 48348 59980 25999 19376 24016 35463 36462 80125 64933 54147 98928 51990 13749 6467 87682 85877 75928 82432 38281 80151 70351 55794 27864 8996 62142 69791 31191 11410 59316 65880 76369 7663 42211 18719 43391 66226 54181 79852 62702 19113 33999 77982 87454 64099 84448 91487 66328 60375 73918 4608 56877 60621 60402 1093 69616 38895 70883 806 50304 46550 83037 43024 54213 41599 61742 97603 24176 32274 93806 3229 67738 27804 81210 55192 8255 65658 46678 74582 42384 36948 95541 99261 97568 72294 353 83535 27541 87587 692 77844 34137 83728 20868 4701 25326 98961 18655 65853 31235 12460 69081 98972 56616 50291 70515 81222 32300 33545 72155 74683 70492 67695 73943 84411 56341 90647 67945 83881 94586 68636 78076 45074 68715 98943 49774 10392 14256 68428 76244 45490 97239 45324 44461 53854 11966 31328 51427 44265 64872 23581 18948 35363 91276 9242 19773 
500 1
63968 16241 4069 47848 10826 72704 25923 55899 57770 41218 22024 68161 55473 6803 60756 17314 4041 6079 78126 74247 34397 9453 25673 78661 74324 49254 97608 26038 56881 23202 62162 20848 39442 66230 85047 50267 55285 27321 22517 13054 84890 44540 97566 56714 51342 58321 74027 55382 80752 68505 45980 15148 77957 71653 93808 68633 37258 7768 94670 10490 30969 56832 31337 70410 23061 32735 37028 94698 60055 59544 7751 44945 4083 21669 1658 55424 79989 92037 27157 77092 60541 73137 92239 38497 61141 2399 7129 98398 10166 18151 25239 41134 74982 72927 27895 14394 5661 64922 9091 82067 24465 33194 27011 44899 54862 45021 322 51202 53409 43830 28294 13949 16966 20532 68797 94458 22930 92278 9207 49447 10428 34445 6932 1761 7371 34826 16154 13031 16099 25245 11450 56915 74790 54812 1813 29651 99832 18486 97204 53240 62316 25497 83540 95633 62381 52337 6443 1662 44614 15649 51109 71393 50094 74392 73153 73816 9218 89306 3199 41668 30902 14648 14935 5691 69459 16747 51693 85643 51585 48897 55234 30252 90745 38774 42236 53125 91110 48678 54787 52075 64327 22247 23467 30772 12990 96619 4587 38559 85924 24137 80227 33178 38784 95161 38868 24595 28259 6913 10237 79843 55809 65470 26446 46553 4243 68682 16030 11704 17359 87168 63778 98037 25766 3596 28808 38755 214 49747 77314 2490 73883 57540 35667 29019 69052 90886 53613 97310 14150 80201 93505 69958 45670 19950 32863 66265 88631 48892 94320 22342 52411 74450 20378 78176 78045 65538 16930 94611 31636 94243 97100 21870 68134 49118 50888 37185 56355 20852 50847 70505 1052 44351 56814 63074 80652 89676 29338 85635 54919 23657 7976 7329 98106 44705 85504 92503 10242 18786 87113 41877 13028 84212 80099 97514 49681 30986 34698 22387 68190 1896 92891 69241 46246 66057 32314 26898 72084 78003 12532 27003 1660 36859 50683 16117 81563 52539 8619 91805 71324 95731 50033 703 96294 46483 98216 62326 77469 49266 1065 45658 51161 10307 31250 97407 76363 79916 40656 48447 57918 69539 91801 59577 6397 42483 92046 4311 95021 17016 12467 66344 29099 78852 67047 41744 25334 65262 20422 2802 30879 21486 64811 82040 31792 12413 95798 8155 92328 36453 56601 50245 22343 48401 26174 45091 7235 34571 49401 2256 51586 61868 84951 80684 40719 51997 38780 66052 33611 59201 85206 64489 80686 66368 62880 12477 78780 58677 36983 87459 95129 9935 37704 33823 74687 80229 78913 81922 14799 28314 84177 82736 90181 85479 79772 30899 37476 18551 13302 87438 77751 98507 68278 74788 81227 31158 3616 60006 89834 40599 63817 1315 50533 1520 35137 25220 98100 14050 23493 29250 42363 24021 11985 48895 9499 91756 96145 63326 26658 9446 50763 4408 24305 35393 95547 5531 66550 99163 81888 72735 39761 45704 74049 6645 63575 25538 48216 61674 55939 71708 90923 14653 95728 19260 63547 5227 11015 76043 68552 54025 85488 74784 26144 71059 70331 31674 53960 69493 29914 26694 25605 75617 17095 32249 39192 42632 96817 17217 98570 68524 24492 29574 80604 43751 93120 2182 71117 85514 87085 25141 71001 22751 
500 1
99925 13497 10161 70255 61522 64120 56099 91435 7166 81703 67052 24260 30303 22595 83243 27119 39811 98164 11995 80654 27737 92598 24404 37208 94779 95521 22721 81863 37013 10073 20966 36937 23569 31126 23543 1443 11598 79641 92877 18763 77695 76280 59374 7998 15226 58968 51468 71389 57131 63462 52042 1219 72411 76446 38426 83541 88318 77498 65404 25330 87570 2721 62267 27491 50198 85809 28933 78147 81802 38161 13261 59496 14441 72634 83845 46018 31601 35313 17406 5083 15126 69448 6301 87537 62245 61078 71077 50562 38575 52832 75891 26145 71904 54509 69987 22102 56670 98919 16600 38471 37079 29861 97966 67871 18846 81811 13889 50447 17123 47646 71881 48600 17093 78182 52488 95689 55611 39917 46250 94186 92748 38493 36682 81004 9353 6668 19457 66022 21938 36056 4492 59016 65916 2458 43239 84762 84268 73479 51560 17742 21124 23440 82693 54569 17973 35181 50257 89936 75097 12859 84121 84196 67703 20802 65199 77055 43821 84655 43077 65758 37063 47568 24773 2978 66377 84363 4091 66996 57841 72002 1089 95317 11794 83782 49885 29766 18962 16493 19701 94058 45703 20173 94605 13405 57326 59804 90460 1146 60810 49888 66903 97872 97455 8028 17202 80184 8742 37644 47179 66583 9646 48268 78251 21439 32049 28135 67556 67362 60979 3609 77771 6682 23781 72375 36438 81107 48530 26897 98604 9340 93136 81859 23563 90591 89886 57116 87126 98627 94760 34304 81561 4405 98923 59811 25843 30971 4297 93398 14684 81628 97006 92454 88309 37139 64829 24746 34597 29710 67995 33200 39049 61130 15058 78964 68072 21295 36079 55197 36274 47190 5853 17834 51594 4775 93997 93788 52098 14645 3538 66781 96272 16895 59235 84580 54033 40415 25678 88629 70124 10024 38181 25525 87505 69590 4488 55577 90885 56918 27125 27158 4108 32977 61343 72053 54104 71691 65841 6201 86336 69378 72981 82607 86272 48567 83539 56657 88981 25568 61637 75457 35591 16169 981 23095 85759 21820 95023 92995 95089 22148 36504 99196 71476 14198 87601 25579 85889 69793 48131 72224 39170 37464 71182 41793 86030 54720 14801 75011 80287 92790 50467 32229 8958 67799 55324 94716 89618 66698 4062 84706 5197 40565 254 76673 54763 4206 18603 40651 73998 83086 29226 29519 20549 407 87663 6578 71479 2464 97940 68117 95253 64758 346 20562 32556 72021 15278 38525 38718 35691 39583 43915 76256 56188 36939 31018 60393 71893 88020 50742 54978 33597 80260 75526 34003 84274 98456 21833 86737 96395 89950 98341 77505 90295 18903 10060 62315 50532 64937 17384 86222 20871 61298 78829 77058 14588 26198 53802 86481 30569 20895 41458 64165 1154 33336 14520 85427 31791 36352 88516 44537 42653 3208 22041 32947 38462 48453 11613 5345 13389 28997 7919 50611 6646 86747 44020 21234 29297 97821 24066 59865 35067 65523 24030 36220 15210 38549 37998 63352 91252 42865 7889 33905 46073 29929 83203 886 94733 94816 6231 24473 40164 14149 75083 63161 17247 19102 746 46543 33274 24811 6408 68340 6686 30437 20911 21895 85337 75261 85247 92940 18125 9487 26844 80549 55767 26399 81435 50500 21214 
500 1
4017 74972 77729 18165 66407 40889 35411 85508 41635 98306 35134 66445 4713 3473 89482 51501 40736 11377 53189 15996 12975 46128 50472 22461 89324 31021 78227 32074 28807 28726 53287 32823 20050 47367 67339 86456 4607 19101 88315 62593 17406 23448 45390 38470 43273 34871 6322 84008 46247 59510 16355 59221 21990 66826 98033 27665 14198 76260 59738 59356 4985 29376 8530 25034 93094 75868 27841 97700 11321 16156 60293 39603 22034 83548 99227 56904 89869 83234 19503 65731 15940 95075 87720 99118 93108 31736 13315 69367 91473 89023 90703 37200 97552 32089 30293 89772 59929 27992 1092 92436 4636 46169 32039 26669 29716 31265 83573 35937 30851 19427 1667 63142 14501 5738 62259 7608 37473 91926 93326 28945 80948 84029 66144 94851 16117 96436 84622 92397 40779 85713 84833 45415 31882 33223 88435 77949 80839 88359 13885 28041 7785 31903 91183 22286 37640 69793 46245 75112 61718 39571 20408 59017 23599 2903 53868 56067 15690 54841 64815 56469 40554 49647 18235 88787 99221 6669 83087 80060 95028 13324 24452 19164 45226 15634 41449 82866 85427 87694 57977 63496 27264 78385 38865 67214 97639 92732 23280 13329 47572 4446 69797 4477 70445 88031 9615 69665 11051 9054 66076 22430 22377 90528 41594 83954 22513 99394 66819 24291 87087 41148 87787 30702 35884 26651 97915 33522 35734 37546 46850 99657 58344 16646 20486 28788 21028 46452 98452 48431 55505 80880 87212 94233 87759 28805 78187 10271 44551 45005 34562 31637 2504 38700 78691 38387 81702 92957 71909 33787 46855 35110 49795 5198 68108 70280 33985 5487 33084 48788 53917 4940 46019 41129 99173 33777 86285 77359 44048 30835 38715 94961 78824 57571 50012 73866 95957 48065 66822 84217 98203 30028 19327 47997 51577 3786 34629 1913 9272 67712 50701 79541 89003 13071 37021 88175 46848 23305 81885 7247 70492 36952 2207 65667 94522 68570 39532 6830 16634 22705 91047 14836 52733 26725 79184 4309 30510 13812 6222 56133 97875 73274 35673 86878 86344 72693 91404 49543 95998 73289 56789 82841 26592 58995 48507 21113 43916 4390 27942 60549 27094 35340 91736 96178 78416 70920 487 25277 1083 23060 81410 98958 12685 17082 2187 99028 6127 93590 64923 18476 66878 21711 1316 93469 97058 66174 30933 40973 70563 75227 17874 14008 26918 9609 10186 5334 96880 27024 46962 14315 50083 28371 13272 62767 61805 31810 78146 67931 25399 43068 86406 8629 64779 4073 18449 78188 70246 49382 19160 57160 40960 53385 71167 67877 79346 81352 73210 76225 8375 20172 90539 58457 64894 20162 37575 43050 51971 32073 10980 93722 91492 13737 2350 72622 17809 20798 50809 4406 86531 69969 61565 27490 23353 32732 95367 2698 14083 84928 95275 38810 21451 2165 13618 2697 38679 51193 45746 7001 99617 56726 722 91108 86814 19423 63730 20975 40221 14538 25380 43103 858 3297 70593 40563 36028 65959 43260 66462 67238 54886 5271 88689 73403 35241 91385 12081 86433 37130 19081 2401 10207 36155 93508 13373 55577 57237 34347 12149 71775 76078 55252 72632 79374 42196 13194 15401 24506 72806 98215 91743 44043 19837 
500 1
96783 17445 55077 4519 29525 57861 58001 64958 60261 68207 1112 53769 97931 73040 27357 32277 85189 99131 8355 56792 88115 87728 15339 17660 19481 39844 6817 34047 31586 50860 53883 44721 68304 25312 49239 14181 83172 7239 95490 59785 91798 96601 29905 89728 85992 57261 22005 87532 56392 46711 60675 60858 50790 76013 78517 70270 15856 1686 4316 63794 52545 74551 8514 37200 99862 74104 67732 83033 81343 63221 59169 89492 76173 89073 79219 46334 17575 66048 19077 80637 26723 79934 31427 2735 74802 1696 34943 76487 22364 15088 45383 96914 23601 98935 96775 14056 83018 96159 11750 46239 55328 1241 38763 60752 80460 17279 7085 14386 99679 26161 95023 26401 22446 26449 45487 97248 44496 96781 90086 66859 11868 51821 80124 51820 67107 76898 65876 50124 89409 77625 12714 61088 78866 51477 21839 75677 85107 28924 6414 84785 71436 1436 27537 93882 44236 89376 7481 88732 86156 13918 71942 98024 65738 52066 66195 49196 28963 32070 99320 34723 26047 12033 95810 21264 79861 17649 96940 64968 62924 3353 66104 34359 21141 93641 28240 65376 99368 35720 54107 85523 49638 26049 99898 31727 94466 82445 80923 23428 14514 96594 74503 56912 8626 70312 78175 4839 4312 75114 86158 67235 94819 68613 1594 32311 78605 46185 97686 77972 98257 68145 79847 47894 10545 79744 95972 5010 78540 93246 44789 93054 89839 19291 49965 14817 5955 44492 19655 10266 19605 22164 77501 30775 90776 95446 63085 69381 41630 77123 47352 39886 45267 27198 4131 72163 23294 16455 77172 1833 9700 38312 11238 99539 57603 77555 30707 79909 22046 66713 90174 58002 88876 84026 5129 96003 79471 84565 65383 21101 61687 29087 77338 23305 72636 81469 95467 12281 97923 88990 30466 23974 27302 58055 39864 1256 35609 70570 81164 74006 37282 87689 48360 42509 71715 69840 54864 51185 54404 20246 88637 16091 65684 65975 55747 54672 63795 51214 66952 78069 56555 13769 18394 83856 71824 58258 1463 23784 45179 98978 14142 98813 86667 62501 41321 58381 32340 96184 25917 3095 32782 30906 19185 96880 74932 69488 77026 42497 52792 71446 99051 66560 99259 38383 48096 17073 62167 93275 16051 76308 92087 19069 55160 49759 93801 3851 62295 19717 6945 11428 66974 42482 26244 63853 33765 95732 57230 92613 48523 28675 91663 15082 18514 7273 69817 66609 24346 48335 76235 56748 40994 84673 75816 96153 34432 69616 16355 13078 5684 23299 24505 72658 82132 50748 52862 15896 62831 10092 24860 27705 55118 16523 59139 73631 40147 28955 56592 80844 49178 37591 34634 33851 13406 47138 84634 99373 63492 97711 21409 3142 38567 10418 1626 5666 79631 33873 68497 6074 58733 96201 61192 91607 71691 51174 31753 16997 7765 12597 10637 73295 50187 45270 7145 79945 92407 8130 95669 72250 5840 33429 91744 44406 43846 93369 50071 39829 43593 34919 45902 2325 47472 7093 93931 19162 74619 25684 36159 98735 54632 46795 72029 4818 8417 79173 1114 17175 3654 13135 5777 9493 46563 13872 70250 6761 23592 36673 46589 67184 87943 92490 69509 35414 15935 63439 70928 6905 5474 23438 5639 60105 86584 77668 
500 1
81275 11352 73192 98740 28527 76846 11874 50655 2690 58437 64526 89292 65197 88117 25964 28137 55300 30258 36978 24808 82024 52912 4599 52951 59816 10072 92740 81807 86529 79323 59474 84155 7027 49017 82894 35553 25862 94768 86207 44904 53204 50732 34195 34752 38848 76510 79240 10499 6767 16217 35307 88790 85481 56257 58092 61648 82680 67183 43454 69208 62858 19279 53362 69884 68296 36256 21788 10509 47375 7994 55412 16930 75077 89606 51681 30276 82467 47272 40774 89234 63488 92432 94375 65320 48688 68819 26968 31368 52353 86773 575 15210 6052 70289 85093 90699 22896 6880 1207 70270 31225 56619 87199 22653 62576 55231 52928 45043 2502 93702 50628 82341 2485 61354 47661 51173 46524 90980 82540 98877 77752 99466 14086 155 86106 15531 90853 9001 38762 92060 79270 86339 65030 66468 8991 43957 38050 61919 5351 40551 71972 55978 22892 74456 33684 86904 41980 80207 77883 40871 79083 55634 56689 9521 55789 42794 41403 62993 68147 80164 55052 63768 66502 36433 30236 91845 80390 84637 53763 85740 25188 42086 58070 64431 32893 91753 51334 74873 88311 29216 32095 83746 1201 88783 9618 73341 47929 51020 36334 16075 47535 7737 79842 30389 44170 26429 22233 40911 11066 92347 43002 52605 34432 1071 17035 83676 9175 84720 58548 97486 13935 6995 97583 31487 95777 7200 4828 43705 58219 57513 76131 22105 81601 55973 52493 25770 98753 91077 83032 9818 83423 26034 62422 34206 43456 95808 17882 52631 80527 92781 10813 99775 64050 42300 95552 87601 63479 55608 45819 37343 31739 84275 18943 4063 36768 61065 2815 27844 44096 28985 11267 86481 7758 61824 29937 3566 79705 98919 444 72486 65386 11257 88612 45787 69908 515 33387 49738 56123 95557 87080 4213 79831 6022 8275 32950 83438 27441 60794 43886 56425 88412 30366 64183 66587 76654 84100 46292 75572 84543 35129 57309 95799 23740 19447 82058 24255 69185 31795 96729 81093 18874 941 60924 41248 25567 10225 41037 53007 71018 84922 9432 75781 31640 89966 42368 8293 74065 5011 217 58607 56491 73877 70758 80230 9676 69167 20836 78860 962 33916 59953 36187 34856 37228 93786 76774 47452 34823 29781 34822 19744 55564 26954 67735 45529 85673 92380 19593 7035 92596 94551 63525 82824 81660 60107 92499 50827 80942 87711 51788 14858 64015 4326 66065 1242 98112 42839 65045 32934 72619 99866 69029 44534 43172 36764 90062 28844 45495 26006 35879 38090 36908 99403 37265 18568 75861 46116 85746 56803 50178 53885 88012 14192 58210 54076 31785 72673 13266 96829 5606 2236 13047 90987 46769 56218 44102 36830 1413 89596 79187 53643 44037 16095 69398 97653 51014 45258 43768 36759 2060 93945 90643 6423 8136 65204 60499 56272 37877 90116 53101 59834 92352 66147 50820 39120 38716 11273 92302 56480 868 71488 10123 61256 3934 79520 58909 54947 24777 2676 91705 43189 12973 98699 49611 37460 80255 26461 93732 18131 16577 46832 77964 8928 29330 45136 64399 84397 56408 56700 40876 73628 28188 50998 34883 32121 46869 93791 87068 87998 12819 95124 31186 25791 10175 97148 63250 90429 39961 73333 
500 1
24911 72889 36516 19226 81816 82197 64361 62566 66593 37121 19266 23821 10748 47453 74818 61982 95925 38039 72125 99344 26036 84943 10820 57221 27085 20994 70720 6686 27774 10680 80019 52684 83568 16534 71909 81735 98731 52622 44301 65323 89742 63566 5495 16841 27370 96665 95174 23294 34703 67298 38990 60738 68592 49809 34310 95676 70802 21381 2362 14927 32061 82380 67610 31980 15265 55870 13715 13995 8491 74367 95670 14584 54284 1164 47776 81653 97828 42950 21298 48882 26599 60287 9619 95191 10095 60280 90866 97248 81661 9579 12174 13721 91958 79783 62052 7223 52005 75766 37569 60495 66484 33238 91431 20767 50754 39206 18771 64933 98507 40069 13815 25106 16707 39785 20296 26802 65 27513 40401 81725 37092 52575 11797 45401 48709 73848 68975 713 65966 6544 77560 32449 56133 85342 69568 23238 40899 88338 88171 39406 44758 1985 64511 61465 41769 1158 4618 58185 28670 45018 39909 82113 13944 68057 27514 62653 58257 96488 79717 24222 3031 73628 73022 75516 75321 42589 98753 16220 47279 86923 55625 92036 5259 36487 53500 47028 37644 58117 5212 82665 19487 61473 64778 33430 29529 92291 12434 4137 88778 8503 28358 8161 98482 17732 83676 73803 76672 82428 90022 23950 69351 61998 15986 90961 98484 85837 37988 36127 60306 59552 18791 79792 37376 99920 13221 83256 92210 42007 87393 97340 50509 32102 5500 48990 49833 89175 22792 42857 87954 29165 66806 73656 91162 99143 64617 89645 1332 18956 42123 61637 78507 77266 41428 32234 77185 71000 15490 85747 29358 2882 83086 79866 34983 88585 45208 1168 94111 67999 44024 98416 13516 27181 72072 4677 42676 53040 10674 44007 71995 52796 5643 66854 46413 63422 99087 39950 50773 30928 25696 80131 33809 8781 76348 85144 13717 21555 86311 24179 5906 46686 22594 19421 73866 11017 40449 32893 80408 51122 76899 68755 20270 98893 35608 66682 78666 51046 6631 29439 81974 32326 25921 15782 57458 18620 17277 71174 40175 19939 11704 62432 66624 50650 98204 56842 78018 38652 89734 58426 89774 66633 27180 10043 81877 79139 76724 60543 30184 99707 6333 28509 32032 48605 60643 5842 67224 77919 77015 23750 97858 5071 2533 64481 55720 736 37674 50089 39388 27408 24866 29161 10392 52045 55555 92268 47535 32278 69162 77719 48336 91846 6227 80368 40450 83221 86209 24026 61140 79575 47775 58997 997 66660 39829 73068 67395 93855 23157 6782 21262 48022 52294 48005 16419 7848 56624 63953 56478 25786 58023 4813 17631 80602 85180 74433 63822 87740 98458 24961 83667 62584 309 84663 29243 56490 57731 96638 50344 80887 19771 87957 45260 72065 52313 61678 79912 8936 25631 36389 51073 5 41202 85056 80606 42733 59488 44428 46825 57945 85740 30491 36880 86049 15153 82475 58890 72883 79112 25585 70121 15234 13541 15381 87298 65853 93410 83562 91140 35392 19950 42213 35397 77503 27268 16002 20236 86755 76781 83412 61051 62521 13902 14282 64921 29054 96756 23810 18289 92219 49394 4761 7453 79286 36493 94750 61490 46255 94663 52629 81646 14613 94841 17042 8467 22108 49396 45054 25214 26176 28465 2616 
500 1
5048 42366 16898 86320 87772 13653 10129 22412 5872 75874 27172 13324 71511 80017 24425 33000 26271 19088 1981 7916 50052 96821 41310 58518 35281 7057 19924 76846 49584 48388 79462 54632 90754 96359 40951 94877 10011 67432 17288 32234 59657 60811 61909 47520 40827 86334 96871 83449 21773 98851 7717 71824 12024 49026 46693 63656 56082 66616 40501 5665 31356 36314 76648 38461 49024 33951 33337 75387 17734 66976 7620 77390 27786 69529 24909 84965 72214 38132 84765 93986 36982 92481 82161 49005 41506 45205 29012 13939 11821 69513 35956 59528 22178 12603 97988 71202 46553 31324 46588 64286 98299 54207 58028 42436 40087 99288 43752 12300 37419 28517 22637 90753 20997 4797 56109 78855 50002 85121 92793 78174 70985 45100 37701 93162 57703 52040 64363 20607 83363 10950 1245 98013 81509 75624 40448 21595 91263 84200 33895 45034 29068 56531 35786 50064 77680 91894 45270 44033 77014 54415 38558 47998 99514 92610 57512 73568 44649 21874 94175 28011 49176 11771 42375 30684 3746 82822 68630 95008 83373 18876 40041 12440 75407 92178 78856 69438 84072 24125 13470 77437 78539 68379 41787 94405 60988 99298 67972 5636 37523 78498 49998 86698 90268 92372 33733 10365 91545 2363 21725 91270 37590 61765 3709 12996 53943 98916 98785 54366 39393 28606 31802 34283 96984 73588 28687 57971 89237 96659 79958 26760 75156 29955 29809 81776 38678 79894 92140 30223 82256 30216 21492 36197 91981 41552 49193 62275 56820 64329 16640 96212 92935 64793 46846 89918 38381 75533 64241 43969 72191 44198 70728 63698 90505 537 45473 45534 80430 53965 92108 79037 84180 13599 15233 92512 71503 80777 71138 44674 45106 87777 57237 54392 68922 4082 44309 23654 79614 8549 67622 68156 52747 38350 48206 59603 55238 10030 5136 52019 63994 97244 47407 64526 27194 78991 73389 15048 59768 44527 59721 21225 48655 16957 75616 33928 37391 36276 57581 33356 44825 25203 1512 13923 63552 49717 89877 35141 59746 95012 87159 40092 8607 50917 20969 35801 29907 10709 67200 6026 71587 26921 27250 36594 60229 19217 70521 13971 71845 28102 47327 16669 53304 65190 46943 33207 31258 53171 84699 7355 48182 88209 47446 73141 39125 84766 8941 69031 11827 76140 75057 83413 19412 18658 20006 95993 54227 6879 9963 26071 34980 73641 59091 4635 38830 6033 37841 70087 59203 22539 77442 23736 27099 41239 96876 66223 42357 22168 35253 54183 14660 26661 53947 34071 61671 73953 46415 15897 80831 72730 41967 32162 46370 1057 36796 85200 23441 90988 71638 98995 29878 49079 22730 56976 6670 35958 23198 58125 74802 3208 72784 1463 73506 23207 63133 63810 85973 95381 60992 58702 37347 93153 5072 54755 29948 6623 78195 20935 78260 77189 50812 27339 16270 24139 50360 52227 47336 99385 26704 22138 18944 99487 39952 92449 39045 19436 56259 25018 14816 17250 83719 52162 26755 5142 6916 73054 11764 1462 93989 90024 78650 61152 33714 94919 85291 84073 63498 48978 99809 90201 71115 18752 6039 27418 27552 45084 46853 162 86453 61668 17412 70171 30181 60518 91665 53448 33571 3428 54909 43911 9803 49910 
500 1
5063 59868 61181 6705 43940 24678 72034 60100 31230 59501 78851 37268 86918 22755 98703 50123 22916 85155 28142 56679 71678 58323 17196 63342 28122 50767 83121 99383 94677 92924 65644 16091 52791 26824 39147 13083 67853 11181 73182 99082 70681 68385 52702 57598 91139 51404 24072 14054 52911 52214 70733 24588 26888 87928 87929 71361 38694 71049 70743 49723 80324 36387 65813 33115 79562 4960 62549 47415 16140 35730 62848 3172 4114 15549 77121 95252 83305 1193 25658 36215 53406 96390 60802 80293 669 65082 51653 55715 52482 38748 5437 32806 91486 87601 82272 71047 92560 44820 18461 25051 80549 97661 28222 1015 13209 5343 12618 96513 22887 38275 49079 76292 51016 9880 72936 68037 91313 40940 23751 43795 96039 45539 76600 87524 33139 75223 58571 42051 20042 93383 83453 16942 91043 28027 34308 4252 49721 46926 17116 72607 85200 66195 48898 52568 92426 38185 20604 83739 95476 44354 27533 91515 6244 20484 79038 55734 95706 37608 14136 32099 30991 97589 65392 22033 25615 99700 42636 91687 46625 76104 64293 48176 42298 29542 743 51075 67726 37698 34813 63201 98403 62345 54715 4646 99180 50105 76732 11237 87712 90867 43335 35054 88455 8727 73439 30421 24778 32426 22107 71402 8529 2751 35929 67178 32292 53024 18253 16369 90721 53065 79570 89124 31762 50636 10121 30941 17092 86852 42178 21156 77719 1864 56209 82525 26942 45999 29298 51719 78425 67756 39472 86953 70507 75401 54131 19150 28424 72383 35519 35496 41799 31440 40971 73560 98427 51092 20853 15519 54295 79382 36674 48365 81245 9234 30890 8187 55233 76539 76257 50009 44294 15729 53313 31152 7481 7443 50302 52256 96177 85820 87751 54328 33611 28722 27887 32037 96165 48739 47555 66811 28120 580 15176 25717 26166 62417 50255 81398 38955 26511 47758 99600 58591 1070 30752 66071 24865 81053 18326 37393 83224 22429 91720 16834 67502 19607 65222 80018 84697 29129 46828 29169 29708 78355 54885 55873 40771 21491 53622 96077 48001 1379 12029 6592 18801 42780 89014 43665 40184 23692 97409 39759 46120 89129 72944 13621 25087 38165 9990 9783 67293 56817 55303 97001 35172 26539 69225 92294 48029 39199 4723 96030 40577 16751 18973 75729 75882 24338 35745 16065 33154 72175 10500 22282 45118 40472 47368 83282 50461 73502 50575 7278 45157 63927 58801 71695 49503 67446 19724 88701 88520 15753 45630 5270 51077 21358 97503 75414 57103 13567 39795 90256 2093 50294 28889 47210 90766 92608 30492 57578 82461 97418 64855 27617 61344 40007 99312 10846 23805 19035 15899 12324 51139 61528 17594 18567 82885 31448 10332 56339 45015 50126 62946 63459 16772 91834 10669 23889 793 41160 81466 83254 38577 62673 27222 16272 19031 26533 43469 42835 61919 59367 55159 29409 20894 89104 47975 20131 20551 58307 76469 81917 24784 39415 45376 41555 47600 56044 65443 48393 13555 63261 47998 68483 25933 75219 1106 44963 18104 44574 87798 80022 20293 59308 9431 57538 48411 73757 77668 85313 32063 54137 67230 56847 9903 28957 14753 73854 85000 96548 22246 14906 59808 86595 83388 2092 78166 84493 47054 96269 
500 1
45418 51203 92642 65710 10510 18424 23248 75272 92181 17267 76937 40595 87755 44166 97441 97657 89474 28546 71511 90825 25093 10108 5730 1252 13055 5469 3343 91220 89961 50396 87488 51730 17951 80129 33792 44812 14905 73391 36436 7085 90657 13372 47679 78412 73889 61472 92420 63362 90017 80282 54186 31461 90390 76267 32712 3444 81735 36054 11015 88047 2801 98502 39776 20751 94982 89919 65563 9886 63309 18350 16970 70318 31721 81001 48729 21961 42472 57500 85322 48840 37782 55859 80300 44523 32125 13011 64318 13859 49064 75332 1905 51864 90185 58032 88967 85166 47951 70881 11404 11259 89230 44725 81576 20950 25725 46656 59262 84548 20508 44583 33387 58289 16793 13686 19163 48917 26696 99832 79127 92111 91515 81031 43975 81699 39062 49293 83216 87012 20173 94619 14623 9402 55696 12550 46703 81420 59206 5964 65968 96065 66898 99354 70705 83690 29392 89867 32606 72439 6050 11732 64550 97564 9114 24876 95614 64527 74168 78829 67891 94340 89800 82513 20093 61847 11414 66795 43266 86971 89110 25585 83035 56007 24939 53739 39696 70682 59957 88653 43120 66006 16736 7669 63569 42201 48896 75534 6727 39415 70715 90969 33754 76866 73481 70198 38712 1247 36992 81977 88217 26101 7562 71252 98459 48852 41342 54506 35885 1299 59510 79004 67304 76245 3025 47225 34797 51920 22758 57876 91335 9824 48844 41440 86689 38677 11638 25400 39923 64981 23729 44491 7434 47642 15742 5892 96493 73436 60398 32377 74734 19907 27732 58389 12504 30756 5613 47300 99028 44723 21527 6714 54546 70371 48153 41235 9047 76142 82986 65321 41123 9811 48556 54355 41905 70799 50847 15340 31196 99575 90073 67455 27307 48461 79958 74414 70426 43609 73441 31500 65136 80154 86045 51858 44659 43631 60904 20800 26617 26224 78274 33330 52386 43181 87685 94290 13980 54883 9629 61527 70810 16053 28981 14468 80866 25290 88881 51291 85251 78674 82790 66738 75179 85186 18595 19837 28817 95850 56989 55433 38425 51614 88762 90810 11147 92798 85100 25126 64033 11080 3004 34842 27133 31985 49309 7998 73626 54541 75640 58876 49566 74781 25613 24745 59966 60559 60933 88782 56408 34273 60566 94832 85887 65680 1994 97033 58477 87093 38510 22509 98172 57865 73702 41656 6201 23010 66005 79827 93903 41644 55054 43468 16424 97019 84564 92742 57577 45497 81523 13985 96121 58441 25168 82007 24120 27161 95391 98948 30605 50252 37809 45129 8117 11510 86784 14317 50872 52789 10495 44774 10784 65549 4593 43560 62567 89157 36301 20143 51005 34175 50479 47125 92615 91999 45484 16734 19159 57226 32034 49764 7478 69842 11244 31946 81351 98027 62614 32222 67167 73109 93347 94303 55009 14292 37862 17575 3448 74162 54069 70804 8336 20900 17928 951 12898 63411 34036 48408 36989 66069 14523 44466 52262 25766 92763 33613 40145 55376 82186 23663 44836 91885 17965 99844 6176 55826 33770 25975 29987 4191 96778 54675 25090 14705 71977 54339 94468 22364 2746 31456 4785 33621 92273 57046 59386 1387 90658 15882 73114 89196 39545 17950 81080 57509 34145 87255 29687 84267 29581 76025 88457 26358 
500 1
30699 13546 57414 19027 84236 68233 41391 86981 16040 46175 36953 24664 3220 96339 26050 10230 28572 99164 15777 68116 33465 96856 41977 83961 462 71663 68227 30042 64039 56683 72751 11090 86580 30164 30116 70815 98397 87858 74148 14436 34032 11100 39100 53604 23790 81501 80185 52362 97016 12313 36829 46832 9168 95157 30793 25981 83171 99019 72374 47210 72054 45124 58299 74985 75287 88414 45800 90035 92624 36299 20823 43007 63750 76274 96610 3892 57774 93146 72605 71142 5458 9433 17973 30977 20942 48765 73309 4112 64136 45682 51321 52541 90805 9619 27525 82444 14385 89676 88830 7008 25974 9652 50014 6076 2277 62976 9967 76403 72473 98923 47544 94283 24707 65516 41611 45648 30633 14920 49760 11120 76953 1080 63660 84110 27051 91184 82905 41435 80860 71734 64794 23185 97738 31159 45612 14 10486 71930 76416 82959 70852 23959 93593 95559 5827 35203 41206 36459 66474 90965 47578 43427 8397 27589 27536 35447 18772 26792 93233 15983 98525 58026 55520 96262 5536 1131 12628 16022 89413 89043 15332 60264 29354 8924 55822 35180 60478 13380 87990 26952 4344 51919 86730 12740 79507 30617 64538 14630 57408 57770 30613 72284 32147 2484 84898 37683 19966 97525 70056 9378 2919 1739 69642 32272 10662 41815 83803 87491 55194 88144 30794 75890 40062 17523 4981 19568 64491 69519 34198 21898 43640 81162 10534 75787 83645 95431 29821 19962 92955 16228 29340 95873 17966 15333 44497 44979 57147 44651 48821 12341 32795 79615 4582 89208 13489 9562 8776 77980 95432 59325 16229 39072 56838 26762 31210 40482 38544 77382 60443 31498 93609 6134 43723 27926 21466 88219 72904 78613 49221 38076 7305 82015 17690 28238 71223 47531 37799 96350 25510 33231 72026 58090 72302 28863 1204 19863 85696 39747 97244 62490 87597 90852 68624 31319 18777 6441 35889 8032 1405 1461 46107 25061 99828 80149 53298 87402 27679 91097 83751 69540 40679 72128 43981 29332 990 45184 49194 3037 1283 46437 65526 5231 37288 50501 36549 72416 56942 88789 96799 74698 90249 59257 99759 90076 55757 53056 93829 83435 60504 77579 69326 1182 66058 13307 30513 83399 74842 79706 86435 76124 26142 68313 81354 79781 35165 34254 68548 8458 39394 81698 83156 45995 57307 82914 52422 13063 52321 46251 12850 12825 40181 82175 14006 6239 95481 44519 89637 70323 40576 92424 62798 66718 60736 62850 95900 11109 47750 4358 50503 29447 87513 96497 86753 86778 65270 99816 39098 11520 12665 51922 51701 11191 82280 57939 6672 26798 63927 93346 83725 56350 56143 66794 17085 32998 29644 29337 44107 77393 33694 94609 23191 37558 7457 9944 24335 72726 26111 63432 598 55127 31706 52298 66317 13985 26588 89340 57134 6866 82685 40858 79568 55180 7652 96652 88177 53647 42340 48635 31039 92385 59595 54229 29942 83403 80524 70628 72481 6634 34060 73078 78112 82117 41727 44429 96101 84666 50120 69586 91531 32805 10443 71098 4336 34446 84102 8864 88092 42793 73851 35482 35178 33445 6063 65119 16848 86586 35747 89328 9572 86158 62405 4035 84626 20483 64815 97078 5148 14935 66663 13030 
500 1
64091 93457 480 68426 27903 84581 93641 32346 27373 67491 84180 78902 936 90242 44021 34135 93179 96119 39814 2750 82276 18570 23137 83253 39052 87951 80330 44199 2885 46992 73580 66975 56800 74059 51752 84702 74991 61745 33400 2364 29235 17579 81265 46522 24172 41637 97008 17350 37755 36821 36452 36382 55390 59588 19634 94441 47538 16315 54991 50423 63306 28571 33749 20106 18981 1853 21159 93972 63597 70910 12687 9183 4840 10303 72057 29011 51940 69064 46361 6046 5885 99164 58780 61274 58751 94765 72067 6288 11080 43409 73062 90737 71979 23163 27194 7312 25015 64705 1283 4963 35614 13969 14145 56806 24271 86201 85816 92562 71617 48528 98608 77501 47691 73739 55126 22793 68503 43544 45433 95934 86953 18494 86671 75283 58008 30216 82594 99374 94920 228 4336 46886 14196 34833 3691 38467 37385 5858 47380 9001 70738 45987 2853 18428 36077 74331 41221 4580 17874 86653 16865 21178 21498 3535 12813 95858 50103 11758 95231 45022 11986 15919 8259 26181 67103 28301 80999 4487 34159 28379 13488 4896 90717 32692 39675 26794 7022 97247 47725 41248 251 64589 78777 38101 84476 91589 33958 34578 3347 45540 95951 15332 77810 4210 57864 44912 32510 38863 49399 83020 67241 79238 4267 74309 11929 60294 1102 35303 57540 65178 76550 57791 29767 55326 12243 14242 63267 62552 48819 66613 8091 44769 98296 2253 65330 56159 47164 14192 95021 12914 97211 78613 92151 1478 69274 20432 61771 86727 55734 35662 51905 48635 9804 81671 20312 22046 12264 83578 84597 77434 66542 9040 38554 81189 11292 3884 37348 58455 18075 48720 71369 31637 43685 79871 49466 12958 302 27588 99684 72387 63250 51588 37373 73053 49610 74037 11451 78225 73966 96047 72010 40508 21438 10564 38048 32729 30799 75395 7536 65225 24115 78904 96861 67799 75126 46327 97108 91780 73914 96791 80518 53515 64731 17891 26568 30692 91927 54370 8917 65892 50416 97278 22751 71854 7841 60799 20934 38639 52545 28469 20215 93011 23724 17076 60809 98850 79754 74268 90629 53667 71059 87498 23534 52141 5388 50101 82832 13666 20822 8100 95910 71237 5378 18660 59442 29570 95810 96728 84561 48355 25196 4775 41365 48920 21850 18526 64121 1603 92793 71101 71622 80203 58598 95155 32343 80338 61607 31527 94003 98780 55978 89912 70016 61355 24924 45810 90925 37085 42537 75485 1791 84084 96611 43156 49355 18461 78033 13475 36415 87177 927 24388 83732 59525 35894 16074 39862 13852 63952 50216 12631 19930 40128 98999 81284 81403 61160 88560 18487 20048 80396 20278 4131 77007 79785 53486 11819 74169 83312 48233 61345 84239 88973 45076 43763 24866 77502 99976 55070 41453 50191 67700 61382 6670 83050 59018 4424 44209 63929 22911 64256 44325 59540 68387 37683 39324 38224 49501 29844 37887 14085 91188 22125 3057 52616 82239 44275 46469 82214 99344 87921 48757 83395 65655 71778 66445 41024 76202 10653 4952 15464 91261 65628 75003 75999 3310 30678 14222 52810 60521 52108 66895 68060 90585 86303 20675 72823 30577 67143 71389 46272 71416 36497 29667 53422 24626 12463 94445 827 23115 
500 1
99396 16290 30727 81376 7644 6725 84685 38321 37298 53847 15193 5758 37093 83253 96342 23395 20279 85516 70324 3774 73256 16595 75189 9752 62613 44962 34378 75075 39406 51556 14542 55153 84198 61620 36528 91841 68345 37565 46514 5642 91411 61706 11399 28503 61310 24092 51897 81589 9608 38572 85362 82863 55167 76902 8967 34131 21863 59696 25558 61268 11251 56451 32772 11800 18070 69300 19993 2766 6864 66506 8408 98274 44563 36158 43128 5873 60250 95024 3813 69857 33596 89174 69071 5114 66075 78037 55596 87937 37732 97505 65556 65335 53955 98327 77134 88377 83978 97126 91142 7193 79983 99549 21818 40898 35707 64945 63122 12308 76321 66934 82164 26268 56107 51234 31381 38533 45623 3328 26469 99706 833 8376 65040 71139 6702 58526 59515 7032 55651 67009 14224 51986 66557 36042 92883 18615 986 56004 30922 77306 22937 29437 19925 95395 97023 67657 33927 42645 70985 76747 42350 88169 85122 23742 59307 8175 82267 35174 15206 54269 2182 29430 22606 85090 81823 15488 20057 99160 87843 67330 92818 27131 96767 12742 22525 10141 80399 72803 52785 51383 49549 11486 39551 51022 51579 15209 59197 33845 50382 90754 4466 68915 20183 27071 54005 18357 58911 74061 17517 63105 41390 10334 90236 54508 23075 12760 64648 3473 1915 17432 71207 51463 45270 27109 18837 96848 42318 78033 47045 9051 85138 67862 77966 21673 11284 31970 40029 86546 22382 57545 49651 63771 67878 39886 18279 7305 68997 99278 10777 70911 33062 98336 38726 78331 25444 57562 91530 84113 51946 54926 93164 37083 39139 87481 75107 50423 19450 15136 36968 58183 72680 2970 38305 56910 42855 56583 64214 28204 72213 91342 99114 5274 89677 54191 83604 15121 28104 91485 99233 96401 62763 8748 33484 1901 96228 8590 52323 32029 40077 5643 90211 12757 8612 28516 86018 67819 1450 50231 96022 73662 41572 11487 78935 31249 65678 78890 62721 93781 70375 61953 90182 33137 70701 40017 35037 66928 64958 3712 98957 21387 25706 5519 34143 50669 34034 36512 18487 35484 86742 14508 25497 44665 42347 4432 75913 8024 83321 38633 18156 70047 16938 24689 19535 87638 81057 70924 70917 62367 74635 86225 83753 16692 91744 17895 67360 25777 54406 85847 77612 57499 16706 3109 2163 59052 23892 94428 83427 7212 49412 17935 93611 66349 42623 13145 70338 40032 84068 41255 2398 75054 43831 86150 91745 35574 20396 59105 77703 91153 61303 71666 48651 78008 74774 67165 53412 15017 61592 36838 38581 27356 71124 32191 93704 30099 45335 80394 70130 45755 38000 72527 37160 81830 58676 28905 33756 95423 4361 11458 86575 65663 99475 51577 43670 90601 18741 13433 5617 96685 66623 44197 24040 37746 76387 34095 67844 38074 30840 37973 180 68839 26851 37339 1878 66243 776 97300 86955 28585 83874 52617 28059 35450 12639 18659 70543 26071 24276 83579 9045 84824 23970 46791 61211 58064 30986 15636 5256 85311 15815 74094 12161 69505 41114 14039 52100 41889 11338 39054 70473 11564 91671 14884 63365 20661 33542 33907 63083 74169 33837 72128 58993 57806 35270 36555 32222 66255 52190 37477 67917 84356 
500 1
11570 80078 53860 69036 10468 5959 10924 38157 45013 97749 49720 53035 12632 29437 90047 46173 79695 53129 36694 13532 41608 95686 71337 76877 32240 19910 59484 84429 57386 27400 85136 85308 23829 38995 54343 34296 44954 81618 88805 6318 79366 54876 75704 8349 84312 65750 70874 64007 18878 7567 77538 60486 19604 65226 53714 51843 13197 52623 58873 56949 37758 60532 97129 76752 14874 31425 38057 12844 36581 60726 8561 91456 36429 16910 75768 2178 4135 39774 21056 11701 33663 97893 31304 98888 67958 99498 375 81155 52120 59248 54455 6229 19779 51583 99332 51005 99359 53741 80200 35939 14466 88760 43747 50895 22021 19514 53072 26155 75639 90479 54207 25653 88371 1862 24540 56329 1359 41267 53835 69830 16866 24641 92410 36644 76223 91742 4000 91934 45482 551 44224 59947 89311 87970 10841 27683 7483 80265 70190 99473 70743 24396 25125 75466 42610 66017 48146 43968 7283 18332 30150 24148 42972 22559 77143 35546 30652 97495 27479 76133 98045 71703 52432 3707 59672 79624 47742 83507 59888 17931 99331 30631 58678 24456 6096 1287 6824 70593 61607 14106 88924 8108 54605 31895 30666 31747 83792 77670 29241 11271 53802 43638 99325 22585 47344 58996 2209 95085 58854 62096 29367 58185 9078 88045 98992 31525 5683 5815 2117 83641 36272 91040 91748 90876 39286 38766 22622 23078 16435 68215 50700 86588 11852 50024 9173 75547 25371 27733 70632 84225 89828 16350 58761 98906 4394 57752 46782 10077 79918 48899 10069 16189 56290 1817 7064 95576 40582 46037 35005 73368 14251 85704 59955 42454 35727 85479 34353 61097 13211 21336 61673 3039 37685 36785 18296 42079 94536 81429 68507 90805 30327 78575 6993 86617 96743 30408 98544 53676 76445 49900 27043 7047 35603 86998 49501 87681 88828 83853 65129 2039 5188 26802 21429 59224 63586 39724 1302 74474 37504 86160 81630 67831 81087 88623 70799 77829 19030 85694 31505 11826 35593 74899 18873 87547 61896 84725 75227 50724 84929 40355 69114 6468 83508 90542 65691 63446 46617 66993 54271 84120 69504 35900 68302 50590 24522 39100 44771 59904 41145 92627 71729 76737 67525 6953 64283 45773 91677 55861 12848 76605 96216 81961 83072 96075 72502 48763 59520 35470 32107 13790 19589 1610 66042 87891 68552 90563 43342 29674 66818 84487 22300 54899 61223 6176 61851 41858 51948 53528 97718 81147 30132 10285 63107 13204 22712 51960 78318 82231 87429 10424 12373 23370 28385 78414 11260 13288 85328 54601 42961 68498 55439 81612 23396 33014 87788 85246 74871 56087 38773 88940 37234 85257 15577 16692 14812 38288 68652 93129 36870 72432 3552 49242 95801 48288 44007 23412 61576 45687 94365 20888 14184 49803 2500 37579 82816 6639 22824 74038 79077 77949 62978 16310 63205 78554 49354 78016 16841 34357 87496 53710 6788 7399 19304 18941 55686 79662 58704 17261 25348 53068 54501 39531 2871 57000 77109 2038 63638 16285 76076 42714 94233 39053 75376 73789 33958 41081 68156 67150 75437 55651 37211 98576 63049 72866 33868 35086 52528 92572 68699 77875 45639 23199 17406 64861 96550 10866 66899 76539 27150 42974 
500 1
35604 37734 98378 10979 11522 48687 52059 96029 15836 43847 68031 69398 42423 47431 42264 76290 82517 94791 85213 51215 72665 30852 90765 6422 12064 87314 17288 78962 63852 60789 38287 99455 98523 53016 26786 26396 1702 95196 38777 33889 39043 6807 3287 97817 54238 45550 90458 36754 40340 75671 4320 29356 22874 11436 52130 34937 98749 85769 30251 78952 46557 84889 78406 61431 54257 21543 4179 72310 16739 42955 6199 72133 49761 9485 86301 3998 71386 76758 57103 28077 68780 77774 73784 91653 89209 25913 42942 87957 11681 73192 83260 74590 74432 78018 36020 28688 99560 40198 998 32650 99504 7196 21134 49265 33032 7434 69614 20769 544 26717 65197 85675 4490 38980 93680 10051 81245 36621 14359 92925 26164 97619 83866 595 75636 19886 45635 91547 76435 46632 24197 75939 70179 61682 41555 19562 85468 11168 56682 2363 54236 21878 88037 75078 60857 81716 85128 42101 18336 15838 51378 44499 13456 35243 61446 5443 71480 7080 96990 64267 70063 37538 56557 40241 99219 98111 76154 84686 25630 32835 87048 96218 54712 91437 71295 31920 73152 72774 90373 7840 88611 41750 52338 18419 93344 30135 23861 81176 37214 20850 45442 7276 74739 1998 63868 73958 16460 40021 74995 42089 72855 78395 38306 43918 69831 25952 75838 59334 15077 66210 67173 20040 24311 35863 38458 34006 65997 78670 15181 19563 15872 76974 43190 90610 95323 23410 64567 11782 63430 55914 53871 52637 34308 8528 12906 20490 50832 88743 79823 65908 71304 63348 85947 11966 99210 40756 45972 81558 19426 77504 17472 51649 54478 60662 42258 66152 423 23177 77934 79090 48156 32840 29749 56683 62098 66590 23866 67192 62764 89774 38496 26111 92072 66813 41672 49180 29136 23230 84957 6640 40701 36605 77469 17714 78862 43620 18136 2038 37905 98340 97479 86060 47531 43579 59095 9628 10168 82960 76820 72932 89085 31667 15394 81157 98479 57066 46688 27615 80295 31644 50606 37347 84600 28074 71413 79813 88045 89548 81851 25950 4239 95681 28361 51770 39260 87455 77749 49427 70415 54568 38710 59499 86234 54104 57007 1065 11169 3694 28679 7815 51689 79284 45161 36288 23709 16573 16101 28105 22473 14303 70406 26711 26335 98767 94832 65594 86221 72581 31373 72987 27148 70082 32486 29734 24185 5844 30798 35353 9538 75828 59519 77578 71463 4680 30218 11523 37604 62670 39627 76428 76972 26385 19491 3306 25151 14322 85252 11371 3254 16624 84358 46754 86705 33195 92839 27242 39038 39988 78946 64927 15815 38465 42505 3629 59496 72722 15151 13451 51743 71129 89879 28714 97513 25721 48371 39015 56394 49974 50386 59648 66597 51095 6401 69654 84289 99239 13247 39678 39226 92192 4605 71392 30656 63461 75020 6503 52534 6522 19954 4276 94002 26184 49341 7867 51904 14063 63233 8297 64037 29970 67944 46985 81064 90696 32990 81704 6286 46236 61863 38428 42338 33254 85435 22150 24625 91938 74683 47498 11891 95310 57852 38074 44650 82070 89977 58712 45302 14625 39100 75272 82569 86085 56335 89616 35426 54391 95902 81662 92124 57764 20089 50813 7370 5523 72962 48346 13812 63996 95844 25702 
500 1
59305 70047 80127 20306 52116 70103 95369 97417 1080 50821 72688 83648 36905 45375 89615 88682 16117 85516 70343 8240 59632 6783 75404 67001 28658 64717 15346 42469 28712 27541 68171 4368 97587 64649 41025 49702 51104 36393 63471 52183 87213 52510 35830 40469 97884 25444 29151 30352 27312 15845 54943 86943 22628 30346 70295 51285 95062 85640 93753 40125 29533 78275 44492 27119 42924 93173 94027 38261 56643 46209 41825 9152 98390 98646 23388 40185 27796 53739 83848 59992 8682 70790 82619 55379 57436 50255 50441 59428 44008 90565 88960 38634 51409 32430 81557 36924 25602 91935 91536 82244 54495 33361 7748 52884 32006 31135 9421 76153 84873 93268 36144 9906 80410 35115 65285 37845 85369 32077 97272 45728 22641 2583 84362 74049 35013 82270 27325 60614 90557 18860 59210 45051 68572 66957 14287 577 98091 23707 93081 99315 33326 45577 9221 13735 80691 90857 67932 66059 22933 81555 28139 61925 84138 12500 35974 19150 11121 79650 79763 1677 98509 38972 46728 67081 22280 77366 84009 20370 17424 77090 19685 50749 22666 45257 80836 19708 52465 48767 2118 75397 30321 30256 37321 14458 42755 89646 49959 53876 69295 46074 55552 84156 1397 18631 51236 23677 95996 51596 44046 13419 45037 80082 80520 84054 41690 61355 3761 94154 26473 5879 85902 56793 36134 23223 87603 95241 29220 53913 65468 98515 99986 37371 82670 1383 56002 50257 41411 68349 1852 85456 98120 63241 81890 78639 47294 23579 56345 51055 34085 82817 56933 19986 55961 9418 59560 59915 4658 88780 13828 86477 3646 30165 23848 2667 47899 79849 52923 89309 64549 71126 91117 62668 34366 73006 57658 81660 12936 30354 49066 63372 13170 22350 83358 85483 31767 59269 61749 52777 64400 91928 39253 68045 22093 63100 70711 86343 59300 39985 75652 40201 27463 83120 19220 78180 72477 76878 76191 85412 7231 25256 48784 36753 47605 48493 38587 95724 7761 335 48500 72161 92263 4104 56557 30707 67204 43620 17049 42855 99956 9052 83055 43770 92171 2275 21950 64647 95504 14492 66411 2734 39748 31546 55838 3704 80038 10776 99427 4150 11111 64278 92662 19725 68382 65571 50431 51937 9190 67479 94791 9145 76531 77846 52915 85053 96472 91216 49700 91975 5707 32462 11060 61806 64007 66898 65510 60396 77673 81288 80897 5135 61918 73559 24859 30299 39129 75289 98587 64670 59120 93377 90166 52002 87574 59432 37054 84045 50647 3105 92371 72706 35566 3431 34511 99572 86680 16372 76319 80704 97660 57216 85839 59577 30774 10697 6227 86254 2338 4813 67275 61457 14541 57440 29810 18467 16872 66863 18863 83870 86320 11234 56575 21885 14664 91086 37809 17695 7457 14127 98398 21468 71342 84236 97396 11285 3622 21072 13622 24786 88346 91430 55679 62138 21239 74145 79009 4453 9359 62878 90772 20592 19453 12657 51607 26890 66817 69301 34346 80943 67699 55814 68637 68286 69561 3455 79570 73183 40879 9543 14320 29224 972 69998 91361 22210 60494 86721 26663 86205 49599 33786 23148 85403 46442 74755 12292 13258 60407 62989 10553 44457 35154 95541 29095 4715 98995 8664 77897 39873 18207 8568 
500 1
85449 35530 94918 93161 57740 55411 96234 754 41615 45832 34539 64763 47586 97333 55869 59877 26942 32627 22865 53846 93436 58019 49386 22530 62733 64733 47545 56981 20957 82103 81900 6405 17633 76817 15918 91724 32228 12151 8829 90194 74334 59719 71308 38271 73403 43528 98147 345 92507 37363 54190 85942 11733 19928 24823 90817 84660 88719 64149 5616 70822 46049 28373 4806 60642 12881 71444 89144 38061 77990 79829 97779 49297 18099 71182 9177 32597 87878 1683 69959 58419 87624 98044 78346 28798 5212 79357 33868 69361 1325 21041 31761 25846 54625 6690 55078 42421 95833 93138 20410 92013 90917 86058 10111 78450 95234 42707 82679 96916 12665 41097 891 27060 35795 46040 32272 31503 79908 17984 32827 948 49744 78875 43146 4368 1916 98223 63140 14100 91361 99901 6112 98629 85959 16222 93430 97544 58928 76108 94460 87945 33556 11702 31356 85702 57742 63627 33557 54001 81610 66383 54948 31353 61610 98093 52073 79877 12668 31564 93977 20380 31465 16440 19008 17423 49014 28789 14966 24293 21248 25777 12237 71155 53831 59945 56857 27924 23571 90413 81924 21533 73147 36871 69237 51108 51316 37661 30985 63983 69225 41313 714 689 74104 19721 34463 23117 64861 65780 47410 2460 7909 75998 73614 61739 35942 46822 89662 75865 53586 71585 97397 43085 24807 82985 94192 92474 20646 41528 72808 6222 82840 73521 6910 73296 9593 57724 96412 90805 23503 43821 93264 31411 36171 66878 9501 72112 13699 99162 47976 83637 87098 61724 26721 28257 61061 20912 20730 81706 78792 9890 87927 77983 83410 11188 51278 9355 85263 47690 159 8765 7862 93423 56528 44032 76652 66028 16144 90350 81542 80471 90338 68639 58547 17058 96895 19607 54322 33977 17664 33113 43866 21942 11095 43627 49481 62373 69333 34743 26414 69492 59859 34275 79266 32738 78307 55917 98766 10802 62618 96659 91272 52956 81649 66170 70013 78544 85776 24334 28872 19791 73798 89089 58084 84893 32715 7564 63617 18400 58658 90030 87891 18517 24304 67156 51254 2610 23072 66371 13411 85689 79381 21035 54996 61030 87204 25009 39573 89332 65694 84796 25474 55844 73884 83558 40736 22950 7473 20704 41349 66131 10733 45591 999 51388 12746 68604 53998 52169 51327 83760 54210 30707 21146 9205 91736 8350 50565 47660 14033 32611 32455 39506 88454 22690 39415 45541 61992 46888 66244 19692 29370 93328 65283 46720 44715 94380 15323 98712 46549 66649 98824 17110 13708 19969 26314 5443 44670 93231 69455 58702 25841 18261 14560 30646 40951 70326 76186 19294 17213 58781 38985 62934 52108 4267 9653 96822 14999 41328 11886 77899 24328 27061 95008 38035 47029 37673 59830 8051 30903 29284 83104 73095 47544 97663 3740 4846 67989 79925 24139 1553 38705 63124 80839 7164 83742 6843 3986 98740 64522 32223 76638 88850 59283 71645 43236 22663 25670 19417 30713 56572 48700 13817 29667 12596 27831 49758 33793 12171 29683 57932 30076 84739 37407 27266 8255 37500 34108 12240 36240 14982 44462 29229 20183 20096 17226 63418 42758 42895 82835 89823 15818 47886 19991 61836 76833 64173 11594 26978 76344 
500 1
57628 84909 22771 58718 38667 50036 66972 76166 495 95563 28757 15476 56376 74338 35658 76471 91563 15428 35581 50809 14614 25403 66626 78851 45393 44814 72036 9565 72759 99013 2260 30386 273 25030 5455 55291 91417 72427 47808 8264 67989 76565 40091 40717 67254 92101 17187 75168 7528 52767 25976 38493 94521 8953 33695 56265 70118 5730 65830 42876 21094 84441 89613 21366 25823 95068 93008 17239 67494 40816 41854 51834 33732 81945 92550 985 74045 26089 76152 97924 95207 2127 52768 89728 27431 86462 45992 97549 8544 28173 40424 29637 12614 30037 67355 38436 41456 60362 72026 25301 1177 13880 77134 34908 12176 86036 52244 86220 28476 28395 23682 46873 53262 29761 90656 39723 75753 88204 64618 20277 44979 94255 49242 91367 77961 87677 32822 38322 76055 58122 55851 6286 51608 90758 18461 37643 43002 21032 82470 87748 21526 6151 34621 91139 35912 41628 47213 28016 29831 11831 48292 91161 22437 97534 82528 397 1562 15349 38718 93968 73471 94568 16605 25078 1678 35065 79072 61031 72448 61541 48778 93973 84043 99750 1463 19954 41377 48676 64321 87559 60506 28965 78720 82942 42850 61247 99690 60763 76595 38407 71083 66417 49327 87687 91494 51004 22752 86917 12034 95199 48457 77163 5524 32500 76913 23338 68805 34641 72013 49478 22200 48870 94794 919 48163 62165 47852 14757 55111 2611 85839 21528 51937 73526 29373 2940 12629 16290 31325 7827 81098 8487 29702 29949 1751 69392 15106 36392 41404 64583 58591 6626 59376 75861 54788 13370 38025 2640 28126 9487 5250 30317 31014 73538 3842 76739 92829 16470 93028 24153 40648 90477 48991 86702 20426 50742 56093 35531 3485 97496 16465 78427 4121 92192 54287 75261 5561 8663 94252 50038 18149 15853 80354 65515 89390 84195 42253 82218 17016 51632 22722 57664 42108 88064 60717 78885 38805 16809 14415 58641 30656 30879 37067 51129 23070 91353 26389 44982 15 36992 95020 34516 52844 91725 30 42233 92272 58634 40802 9287 10265 79875 83302 68724 67938 44018 47609 23095 77178 78375 81735 7834 9254 35154 58962 48675 26506 1702 10009 42873 38693 21380 77388 91536 13104 77417 50120 5375 52402 7273 79018 87147 30667 47741 71436 91037 11701 94530 68214 90076 92617 76047 15681 27770 51360 80707 54275 53061 90715 13499 91753 12094 90886 99640 41550 84654 49759 63276 37055 73383 10641 16072 60529 41308 80165 31965 32344 91865 42846 16909 98292 35462 9308 30324 79583 60667 11031 50210 30080 18097 63708 38184 46543 54594 37824 88092 55599 3934 51367 92654 93669 62008 8725 54197 19667 5241 2513 68362 97106 61711 85270 11749 13524 10929 42073 93107 71596 69455 59668 18027 3903 23375 56210 50445 94320 10385 38536 49919 30671 6255 58924 24339 84614 67648 94887 4280 89241 13752 88993 2698 75462 74262 14446 5337 85191 72870 98443 73138 42324 74462 7516 46227 97837 63725 13023 8508 90462 67911 58426 37484 74165 17349 61822 75130 1349 73060 79409 90589 86811 68401 93286 78624 59014 24083 83961 60556 96953 98755 50045 55628 73217 57560 18206 87405 37637 31229 95912 44450 99139 70690 
500 1
81933 89655 4390 43754 64784 5738 16813 60544 12678 19976 45296 22315 98599 4309 62750 98911 81217 59702 97666 47613 15329 87234 5173 33535 74638 59161 81115 86901 3610 80253 57590 85542 69907 61980 45647 34690 84069 78811 95233 13099 98786 40528 35413 13737 61188 98162 12647 58756 74215 26664 6369 5896 30249 27893 55782 4886 87053 36896 8139 7014 17148 65728 92555 3406 27707 38201 38095 28128 33363 49679 41226 32149 6558 92990 45885 84097 7504 74883 42853 81718 17899 65573 87613 48147 93465 59746 69385 96869 96641 77523 3882 13788 59602 12788 33545 3661 67340 71639 31788 702 37669 73013 49202 60578 82354 95086 44675 89857 86321 3879 87927 20571 69451 91891 68717 79267 51637 54453 92487 48277 31975 96368 78417 91577 25507 11961 95237 92846 99952 43376 9899 37620 32740 59101 98198 15093 70538 59224 21302 56858 63102 9228 77428 48904 1118 62497 28170 52754 16949 20656 17383 65276 33375 95799 56852 58881 24111 68440 68078 24062 11815 77976 78034 44554 37076 92583 75998 7614 68158 97299 80823 31259 6526 74603 96514 23996 37099 41035 93101 70399 78042 10483 35674 27768 22633 92525 86648 46744 77316 71077 87157 89130 65404 81542 50035 18832 74124 26033 26445 42281 23331 23619 89891 46209 98221 86404 70204 51671 43790 63304 22070 21831 90139 57743 49598 12771 66620 52597 75866 43935 40025 63023 49417 5429 44564 99451 24260 35040 41835 67056 93672 81518 7026 83563 27726 5247 86318 14281 73269 46460 77584 11690 68290 84074 69433 34240 96845 52404 86836 72710 96338 26861 52084 62106 48641 13000 61557 72900 64391 19743 56307 58062 1260 63332 57976 45337 84930 60646 75969 58199 7105 53553 69888 75394 53978 55672 9633 50822 8075 12821 39884 20765 56033 8319 82870 4673 21318 60778 93924 85708 80521 50230 60122 98132 13561 18097 59821 98491 78742 35789 73041 85846 5693 59280 77592 59671 31304 3576 26844 55730 16396 66727 76494 88780 75046 59364 93452 12715 36493 87375 14775 33365 37604 74896 31497 67517 92992 7669 82359 88086 43457 71751 90283 65502 47382 67874 25172 78685 87802 52015 34415 20549 35094 27260 9329 10139 2975 2780 39205 39468 6507 53979 72832 60462 28874 20680 27978 38218 28348 26688 26303 88157 98438 16585 53658 62172 811 95181 40856 88612 47195 91622 9160 98640 18882 18488 25130 38208 64335 77675 60478 18313 66859 20939 63539 87538 65269 1756 32238 91956 44410 36746 6746 60994 90403 85269 78156 85583 26124 66767 49129 34098 92279 47769 69331 27118 72898 7538 64737 53584 1565 25214 71897 68423 62505 51787 72312 27773 53542 20901 36080 97951 57646 59177 75296 64400 44445 69804 49982 86921 52922 15463 21018 45200 79583 6700 72318 68832 14237 53406 22416 32153 78620 10664 16927 57476 62450 89239 85248 32343 26491 21327 46645 84137 96856 38292 48536 41300 8095 14870 44572 61017 46684 81941 6216 26266 88640 94885 95097 19229 48291 33864 51381 43262 44527 68308 737 23328 73898 2336 55670 16740 40014 2314 876 36869 40606 65764 94521 65052 96985 39092 26068 43668 21033 48636 86285 9672 43520 97733 
500 1
28900 8162 31597 96633 51423 92475 64940 68511 15803 55189 70846 87824 71928 10860 6490 89156 47728 47095 71271 42248 12146 68255 97692 54566 28274 18724 3201 30910 44747 63072 28642 73647 71234 76590 86631 22656 69065 51570 7519 1219 23110 78364 89042 95037 89223 11883 544 53303 58977 71814 11902 87475 56420 9593 58392 84693 44668 61592 15602 89415 24663 60596 79413 12248 37185 66043 51256 22601 33964 58774 23819 57073 37137 29213 68461 42712 41095 69005 12366 16424 40818 40619 20250 97238 50212 78641 98282 11231 56584 13884 645 97598 74479 80057 9846 28015 46099 61101 50616 80062 36226 90786 53486 89714 36350 21947 32425 93797 90951 61142 10220 31768 1761 46821 45357 68324 25461 43639 79554 82044 73874 80199 79641 64704 76607 5838 92718 39058 66938 59685 35471 3163 50471 88957 92877 3172 10903 41653 96968 18205 2795 23539 49972 20907 70359 11681 89230 12171 55319 85135 10566 45544 65333 90207 10247 58292 12396 19316 97349 79334 79001 32819 98848 45823 21775 8076 48994 49029 49729 45962 67233 68875 69500 33557 6133 56211 45237 95362 68381 16907 80496 95299 62450 62181 1857 89048 36824 14252 8363 34172 93585 87363 83342 8785 33185 21469 16860 82179 70497 82940 44492 37730 68166 30343 87638 74298 2905 32874 86011 66132 82859 82936 44933 61391 84792 33980 98214 99043 42342 32385 8980 29705 32078 17764 79241 53546 50975 77771 24043 50267 22262 78124 18432 68957 65761 92730 71861 14986 95092 59498 81117 77950 42433 26049 39340 27224 60028 37553 42619 18721 86289 51598 48425 18367 85713 44018 71912 36687 21788 12306 86953 60402 90429 21737 29358 72541 14466 1218 87526 9557 77068 84994 3859 19500 27394 43198 63076 87421 97103 5694 22494 83391 57291 87270 18109 43003 31287 90021 96041 53075 2326 99346 29828 9107 21082 59185 81647 51899 76754 69173 77807 53821 70518 81665 73321 97912 41215 36396 1684 38317 42089 24177 38059 15731 11447 56168 75085 42733 62540 71125 12159 81217 86822 41986 90323 24255 17522 88322 92505 94276 57494 70312 48096 28011 68328 37768 42274 9542 90515 43958 64210 48955 68134 2269 81037 79580 74788 56121 38665 37327 43598 50823 34895 46771 92809 41570 71026 26682 29891 63530 20957 87384 50193 85405 31746 18521 39524 74020 28062 46391 34329 8624 11697 2462 10892 92734 98394 2031 48854 37058 39357 8803 87880 90603 55574 97040 32172 42951 23722 62062 6480 61030 65797 56673 46434 97543 91545 2310 87914 19606 48700 22242 44581 60396 41055 55472 69481 39448 57502 18335 76505 13210 43489 80737 3813 99062 77776 35984 42012 17849 14398 64844 78879 80194 37868 41664 94088 29412 43973 98353 65369 9024 36946 9950 85772 78001 81773 55252 17448 39275 89938 93953 68836 49779 74689 89000 48840 68816 41336 7204 86665 55733 88399 81895 35926 26266 39910 46366 55677 235 44718 37397 9258 81664 47346 11381 59664 29119 82985 93463 84745 72922 3767 69932 22700 94807 58932 87892 63623 267 66639 72351 99845 64885 24628 42462 4794 70993 14490 5028 32063 51886 30638 13726 99232 42018 89741 44702 25002 83203 
500 1
29446 14276 86970 99377 53327 81776 74660 57570 61750 91278 69016 44740 63628 85212 9624 4608 27673 14418 91952 42162 35797 24014 94048 66434 54091 9631 24804 43831 54332 49805 43386 83777 80432 46707 99505 33759 44834 74165 91328 6584 81794 76696 67675 45422 61907 77299 66381 5932 8068 58332 48093 43864 98698 58492 10298 52788 68122 35101 12971 22453 1257 72708 22581 98041 19414 38438 48151 64247 12602 55830 87182 94395 32525 54857 56168 10784 48507 38900 16715 56574 97232 64807 437 95929 23299 27086 65068 7772 78538 94390 30225 79795 67097 69157 77835 86510 7594 42337 67109 36547 98166 70642 47294 30691 41850 19813 41474 90356 58713 58188 63281 55944 39346 80070 68224 78996 7155 49643 86768 85693 44033 33344 81839 11129 2500 76025 13991 26446 18361 97451 62992 16526 68092 26637 63568 26294 46450 5041 33001 5162 79580 96282 77457 35278 76351 62032 14273 99857 11674 1040 85549 72058 34383 67387 83187 53235 43411 13529 79680 78123 10979 59023 94649 79070 85660 58216 21715 48461 79609 54716 53622 59188 50997 31078 10817 43699 9461 25090 43555 21134 42481 45456 9544 93216 12842 92730 72605 6258 50727 33588 17855 61727 12657 19866 19943 34372 68326 99551 5439 21947 75090 56435 69376 85907 16485 95188 27348 60039 32674 69828 21846 42217 63043 51040 51298 25844 39996 57555 84676 90722 7494 2531 68801 36502 22396 88743 70873 7074 4645 92663 45372 96086 49097 31100 98344 81933 26287 25691 58324 58960 11871 80169 1176 74913 31208 52473 17109 71203 26379 1784 78277 33872 4314 47077 70374 43062 52171 57598 50135 73167 50261 11858 85604 15709 42957 300 13994 69244 42342 72317 44555 54212 68837 45731 45477 45 14555 62585 87599 57286 64368 82227 91157 85034 45655 77882 44447 14177 51832 10933 3695 18444 22790 89299 34152 65747 89598 64497 51342 31939 36813 95896 2503 5650 57978 47979 22046 72533 26915 25996 29818 91282 24575 37326 92667 70229 15208 37113 758 83391 48045 4452 1834 70835 93750 52337 52933 99699 16834 4274 31638 69998 169 50492 75647 58147 98470 14044 47031 25384 56392 76848 33017 80966 14173 42036 51194 45732 79148 51951 29122 27193 72755 47307 14379 66504 99644 67311 66203 16477 71584 14192 86474 71752 81035 78473 46250 79504 8868 93280 21239 65259 86479 70607 46224 17004 12642 13770 62735 8142 82072 8209 35334 54826 55515 49712 21330 71510 17022 3884 87986 4957 34427 90812 93060 15461 69284 39310 11316 78151 48941 48906 59762 35420 19512 5985 52423 48506 19754 31509 56647 1826 39717 8332 56651 11584 74395 94332 83093 91416 14567 87431 12724 48993 78242 5783 64453 63877 45092 92120 58379 94033 41025 18140 29452 76889 40477 98226 25394 60230 29734 98392 78407 69451 6723 51410 97386 81117 45741 96830 88884 76660 84260 1607 25652 78853 23741 6457 59081 68833 98576 33812 79217 55953 25020 32841 92427 23245 74586 69009 52978 72977 63767 38780 96051 15176 52517 93519 77269 49347 82402 53928 49958 360 79579 28811 24100 2387 4243 9284 963 38054 4852 73267 6357 46223 6107 98783 69467 80692 
500 1
84143 38797 70020 47910 93928 66070 63085 46445 59588 40353 12143 58341 10632 62100 75052 90211 7262 15503 92597 11505 24787 9911 49558 45990 83177 55914 92213 5635 71049 78031 2678 55191 33179 72697 19452 43459 38766 98889 89903 14705 39241 2045 89397 49873 80496 64448 56435 87758 79951 65383 99262 21089 91646 65171 83430 91174 37437 75642 13161 8485 70025 15838 80027 19555 88535 99479 63013 43652 98367 69267 58357 53959 87663 64105 20183 68159 28553 92969 72268 24855 74704 71529 45943 66349 53051 29372 73874 90487 21366 87034 98971 7742 2872 95350 27296 7758 94828 6661 51409 9546 75927 26117 79856 63590 90222 16391 48100 35126 9359 20367 59980 84062 8247 5922 66762 61297 51645 56988 51784 73010 44021 67106 97103 63244 62455 40751 71001 73634 47411 22410 83179 23337 48526 79387 3278 55099 95777 51377 90224 5135 88095 50203 5549 96341 72476 72310 57638 24121 29297 9421 13482 89670 92878 10585 52913 55333 51335 23914 28966 15097 62675 28497 38433 27552 7883 58063 82651 3659 25791 89226 25145 13886 39429 30693 10226 28256 19355 67863 52376 65003 93635 82210 71024 86513 9146 23937 58197 76832 64202 3514 91928 43228 32010 46712 70779 56244 4774 69781 59902 30565 59007 1399 44450 14787 32091 71027 43042 67797 38890 11770 49152 48876 93979 20175 51740 3124 60463 9936 79955 41016 29802 88234 84243 61811 34945 55022 18055 39719 24802 94308 86635 83808 95706 47436 14946 44149 18462 57988 28297 73703 69757 77448 22579 80087 97623 90670 83210 74437 16958 79516 15453 46759 67749 99695 8569 19045 54716 42975 75115 95870 37283 61749 96029 49340 9184 10975 93488 43998 85314 21785 17700 71422 15584 56630 51508 29558 47300 34717 3995 80609 30584 19447 27367 14684 35493 52287 33728 6561 95262 8843 2430 48896 70591 14810 98235 96127 25784 8075 40124 27449 46211 74175 98870 61794 30805 50377 91352 78104 1445 11698 75064 32028 47496 63063 82988 96791 89548 66329 5633 8329 31576 92575 23139 46163 5053 65274 54237 61528 92723 447 35703 91592 78592 66507 58321 69943 60962 59765 97992 36025 8145 45487 54806 71207 28475 25873 67997 34374 92202 89981 59055 40129 98908 98545 86291 3960 80170 40527 65488 72892 57325 17542 80836 52269 84048 55508 22211 61361 15272 36555 13737 39768 82041 68542 26867 94414 95323 77593 2967 85304 36647 43096 84211 51543 29386 4522 31712 86265 86361 20956 59941 3902 18143 12209 87949 73650 50772 65661 5273 87326 79397 45041 85718 47938 72367 12585 58704 67689 90177 61670 69344 43175 21117 69906 94717 66855 74428 26428 69471 60788 47383 45763 81042 65525 57972 68990 55526 25095 51003 60799 28772 30399 22191 14489 94689 94557 43425 69744 78597 33601 47765 47941 93127 68882 17846 87843 52088 8625 14271 21558 85765 78005 67320 66806 59882 41643 52147 15407 83089 3149 76205 11860 49900 14747 42701 60940 9303 2477 30683 87900 36078 94799 52192 45556 80032 70037 33399 32119 95014 64021 53676 80778 42025 20996 47583 1906 78990 16081 33665 62079 19230 26221 73938 85481 40968 32990 46420 50270 35467 93454 
500 1
54521 87896 4604 6712 33451 84636 93101 83201 16754 88114 47221 70430 68891 5598 7777 32825 7503 3118 48905 57519 65196 84486 83740 55486 86318 24707 88475 49089 74976 40293 58894 45849 28188 63498 52560 77991 48133 45660 61191 81238 33773 24764 51667 19015 30361 75795 68191 54215 78913 33448 11734 60460 17933 95473 15945 20603 20179 20772 69691 11506 61064 28585 73706 5604 92082 26266 83594 56566 88277 61136 37803 22050 85899 5822 57416 32611 97968 25607 3178 76880 75406 14911 37340 9690 26735 69636 30292 63265 90407 99983 91122 51471 28567 64828 57074 37000 91093 57019 93565 79369 34506 31367 17770 36757 53540 91538 69367 51508 33496 72544 28387 8901 3806 82078 18590 30540 51714 48882 93804 58472 48864 84926 9942 93782 49753 83367 30781 57197 40385 24345 52917 74891 72063 70687 11647 41955 62224 97365 93462 95719 69909 38200 20971 73714 20278 39560 20606 88343 88441 14409 46814 53656 15686 73108 47437 81790 56474 94569 38986 13211 18913 91903 88101 7328 78941 16099 49282 57516 13463 42743 69586 99723 97294 90556 89789 33923 30115 10394 38617 34908 41154 85431 88563 56840 74890 52352 54981 31363 46920 10319 44573 82185 18573 49025 5864 97513 81475 55145 55028 11290 14239 40965 11012 27884 31520 800 61807 77986 27545 423 12893 68699 2205 17808 41890 77094 70159 13222 24809 33430 23540 85733 15614 42112 51110 21477 55976 32584 92973 27355 43873 23563 68319 71237 51447 99838 88388 13253 77824 15933 30027 7068 983 32232 24875 59224 9325 11385 72445 50485 44815 95985 36218 60428 54448 87327 98257 10424 19910 91229 37778 80135 31144 6097 51371 98942 22286 56110 28546 109 88394 58572 23529 89376 90803 48403 64951 16480 59788 37396 66964 4602 49732 19533 81381 4179 6859 95989 14602 26769 87218 68732 23255 34713 74828 90977 33654 97113 47086 62199 13574 35480 37122 37102 41207 44277 1856 6158 60756 77995 59905 44071 98948 9636 63604 80329 13814 70462 76317 44768 13582 79886 13499 53188 30950 4678 44164 64603 18142 7602 43153 48067 59433 96627 85168 639 40903 3376 23148 18010 81370 83052 78432 80318 9039 42035 60646 39205 28849 53314 83972 58782 49552 13822 11970 80501 34851 72485 61456 52992 80086 20960 1059 39518 17586 2578 56509 74840 5953 96008 92849 87323 79060 71281 83992 4450 29667 44637 43654 74867 14302 43977 33649 80205 57798 61970 60706 92648 50806 38513 61992 47244 59472 63050 86761 93410 81979 59621 68249 87932 55629 77450 91606 51040 48730 75597 55489 94748 36585 99143 69615 67238 43119 19615 47443 17269 97936 8148 26268 48741 46660 88259 95984 22483 67660 99097 32244 49639 58717 493 53922 30697 77942 45527 81736 43023 37475 37225 37770 74059 52719 23736 41296 95837 43350 88738 29457 41285 13237 55725 6378 76248 43983 2361 15083 27995 17809 47326 77633 76526 64170 47906 23574 58463 93432 5310 1485 47258 58886 55607 21316 11604 95694 78963 7440 39044 84053 53249 96680 13641 8973 3057 89889 69307 21770 21323 97301 39578 68648 91285 32455 32818 39190 56029 91280 48973 77690 9117 96230 36575 
500 1
81075 33897 48178 76768 12860 71969 32163 13264 25217 45195 26904 34189 64603 33144 19848 86372 54466 33500 42302 23114 24785 91108 72283 80326 47136 79914 29299 41177 5382 41880 77751 86456 75777 42280 79576 4988 14249 28090 18251 55817 73284 61506 6358 37887 94650 26205 40610 49115 59704 99263 88580 840 90371 60862 81166 53858 40776 26816 95035 46157 68695 89137 48965 60823 31417 44892 65810 45665 72981 412 17833 62617 78270 24190 16855 72919 50394 73816 22033 26450 73079 10613 27289 63449 87826 24806 33658 44953 51621 28692 91110 36668 17829 56426 97490 65597 1317 79652 27613 90649 96415 45445 53265 74684 69635 70119 63954 36380 43935 85987 62829 17013 12951 90118 96813 17128 14923 30470 62081 82896 75514 69542 19563 9694 25967 33404 75290 43635 29407 19254 34283 42174 64698 87548 16857 50684 74018 80811 87064 17952 83149 49892 51316 12451 56361 64480 45930 87636 11302 8010 70531 3167 77551 6445 19869 56200 4501 63503 85607 23754 14138 27780 4803 1685 60988 55487 92054 58150 58902 26358 57650 25145 94025 86452 81506 58505 32382 85493 86158 40391 56023 89324 34294 78819 2183 70514 35018 23035 34017 20624 63140 64506 64755 67942 82542 42095 39780 74595 16596 15033 952 74246 40178 94977 77049 38035 69833 9430 23527 55990 66173 95901 45313 16818 74719 63847 87331 9736 86881 37699 30360 50020 2204 11466 34313 84745 53560 90445 59340 86508 5477 76643 60753 62006 87971 54153 40 57803 63583 39918 13792 46107 35818 75456 62924 10536 39302 50254 20272 26182 87953 66983 92553 6508 78448 43218 91253 48360 33662 66944 34867 55490 59938 11971 33848 47909 66123 50239 5711 46057 90157 35855 92163 25974 11310 71438 52862 50612 38044 73133 93145 42348 56467 85698 48855 51266 28915 56459 99625 78928 23402 50843 50769 83340 79165 84616 31248 61640 51207 53310 24048 41363 89164 32563 83688 474 4000 36549 51085 42043 26033 60581 84390 82499 46278 49597 33765 91544 6055 49741 86823 45809 16936 37592 45500 12452 38559 93099 74091 89765 46408 14491 47479 35572 47053 47519 52397 67404 84067 19833 25799 26452 80413 26540 8950 26691 76136 59066 34586 98543 8807 37761 44351 42094 91704 89850 54545 30262 82948 44988 36379 45707 59478 209 81278 22882 47727 50026 6637 48146 69858 32435 74597 50271 58975 99898 93313 51462 58964 44250 50004 67770 82010 94354 26215 73713 555 80759 20327 99854 42098 56705 45561 1575 73265 43190 40808 20992 93216 47445 85489 63073 79879 60085 29695 55205 59982 23007 6667 18945 67257 73022 3066 65618 83728 29280 39331 84282 26391 59657 84136 68488 32713 29696 86415 5977 72885 27222 43320 82452 91018 28808 45525 87249 88892 75219 42453 65226 14578 65471 522 98186 54845 3588 63803 38572 49219 19485 39205 75609 79141 23340 60449 11853 69387 46863 34182 58624 90436 93853 41075 81454 22661 2951 68702 27904 78170 27506 9481 9099 9329 10003 23636 64173 13590 87438 2744 79160 6923 41948 71121 2415 81640 31569 30620 67378 94783 81153 26001 1570 75005 83428 99375 97665 86378 84428 41921 80899 11934 51401 
500 1
89997 21262 61403 29984 1786 91344 17422 20881 86856 40696 79180 57976 59462 60819 5896 90081 44549 678 87585 86901 18599 62590 70328 17974 76606 56706 2401 18526 37604 30686 86279 43953 68299 47681 73936 70084 55377 7709 90964 42232 64756 70144 207 40570 47314 22454 47002 8214 39483 34587 95115 58081 97176 65442 76054 73781 38499 94807 92307 92455 25492 78585 36407 93791 42617 26694 63874 97993 50755 71190 56576 31862 57685 73134 72431 21350 95587 19433 29564 35069 54019 24678 93150 67546 6471 85555 41326 44970 80361 49984 37424 5853 44920 90182 99643 3889 33227 79868 18233 83981 51057 74809 32195 8741 47942 20977 30091 59881 40409 76006 94949 10779 683 4450 94676 7153 90005 36002 68474 86717 2337 5897 92569 47257 96078 8563 67497 45657 4783 85729 45989 55839 60537 78183 80932 24831 99160 27374 84711 55920 19731 96011 83051 20413 16813 77726 43917 23169 30079 28743 9885 32416 34639 18806 96024 47069 43720 63520 92725 48502 49248 38713 20693 26137 33248 17976 67319 48759 61701 68381 4678 81431 64391 4080 18195 81203 81806 78463 20723 11884 7205 30608 60651 41844 49413 56674 5264 9484 36545 14340 57986 85793 53052 78678 28281 2651 13005 95599 51409 74705 63979 56087 56135 44721 76518 74329 42276 58323 52791 62998 86559 59996 93605 63561 18191 59369 20235 39806 68853 56779 54145 43190 58923 23548 21867 3555 26199 34871 99153 77607 9575 63131 50045 82061 24204 26563 56389 66479 1237 25531 29476 4147 1878 39433 67708 36420 98801 4294 76225 84005 77424 46721 27194 36347 70269 65412 56253 12819 282 55406 90425 26208 34888 56822 24620 59091 99736 97360 25569 17324 39243 71397 21471 41120 10829 5530 93892 25981 9823 86468 9986 87246 33189 37179 39944 19809 2591 96197 32627 19224 51602 39403 61784 2841 96224 2755 61932 12311 115 3852 29635 39357 75248 67457 96828 86076 72986 90719 12057 82808 77187 38394 86405 26727 75572 26349 62887 94514 22545 95513 30090 90498 51267 8225 9690 63843 10979 71621 76153 11093 75473 22139 50449 67072 89595 63629 53148 62580 54347 81556 61739 47885 19949 48144 90963 11872 74492 53849 22738 13388 65713 52827 20237 16980 61051 29926 80822 72029 17899 56974 99474 9723 79113 66274 76794 85059 29902 29941 47639 601 27848 9377 48485 64148 57520 55800 76020 48363 9648 15109 61750 91713 67935 98338 8692 45337 28264 89513 33717 62514 62838 33190 72236 58302 15816 49029 43361 45717 95322 90999 46317 16727 11154 3669 90599 66953 79688 38961 92952 11148 17063 84664 79082 15400 9707 40770 60015 99219 90838 22528 78409 24028 94763 36710 56195 60144 80070 18263 55465 87420 94985 92085 98653 11097 75389 94692 50057 84692 5839 67119 85708 1272 98871 95414 42041 58885 10985 32879 97765 89393 73258 8879 26102 29452 69022 22524 64066 24486 9943 44997 19471 30441 37081 18123 41537 28821 29167 7946 13513 35005 75064 15572 36277 90286 94669 49171 21969 43899 63287 27713 17156 72165 53815 62959 41187 92690 27025 65672 18984 72021 1494 49425 25454 35969 7313 70626 65135 15258 490 139 
500 1
6674 16061 52767 96959 43398 47436 62481 65366 91334 25767 93079 24842 14284 63245 4152 55470 55934 47528 21141 91269 19549 38987 40693 61354 74955 64358 31979 40089 95967 48821 56579 18992 64881 9346 32303 8278 73133 11135 89996 80818 53254 99426 22011 67537 79022 26163 23006 51307 73690 60498 42575 9590 99484 99620 87295 74438 63977 35626 30878 76295 84446 87457 95287 49326 13154 27589 73956 2638 38723 63951 99807 8328 63376 21818 75864 42397 64332 98869 10055 54373 59367 52629 80315 75202 52248 67609 65992 16224 3234 96869 92519 87679 677 4157 53357 30182 48097 27312 49171 3171 7614 48978 11499 87341 87147 87362 46089 67830 86231 56143 22202 61949 8771 2516 37150 61019 70125 19493 93594 89710 16362 2464 93741 33390 6620 47097 63572 54716 90760 12742 57887 14725 78071 69385 2065 81569 73098 48153 49398 59328 4295 87952 37628 29417 90467 91130 90435 76943 10622 381 66653 43335 2844 76745 76725 25816 23841 40296 80531 30952 69389 54769 45676 63812 40505 64092 61732 13603 12244 11130 89282 32890 99081 26910 78658 5899 18039 85445 82842 45012 85825 65846 88347 88668 42590 65071 14483 82782 21718 11366 30085 7458 66134 92112 71269 6639 56203 33001 36593 68446 60482 25874 17687 75914 52783 96344 81812 87173 81788 81005 32185 83964 46850 36883 72632 5791 1953 3466 4924 40022 31183 35008 47479 13669 27119 35100 36659 99673 84452 73251 68118 44933 99124 2156 20846 51907 14852 19009 55431 96639 14 87615 80603 63215 40849 69586 85358 42801 89403 90281 82822 36938 41641 46653 50606 85111 81752 87264 84784 66203 60514 69253 27487 59637 87761 64684 27895 2612 83692 83326 15602 57 87292 12556 79624 28141 98493 64981 87293 87896 71613 86467 41185 29605 33119 91790 14716 14870 95405 15851 97424 55918 1455 24910 31906 89215 5945 76153 91826 5988 75830 23780 22397 79473 36335 2020 23965 34828 83352 11258 39075 54964 97724 80259 921 30842 72048 31988 62063 83804 47838 75838 39721 49292 17099 87978 54859 23043 80482 63036 45382 72663 86815 67778 52136 23150 69797 76100 57977 69500 87357 13403 40816 1432 93661 41736 48625 82060 73723 27039 65863 37912 2876 21935 3555 19974 26264 58413 59368 6746 21449 4750 79408 8263 72527 31543 47764 58676 23995 22092 44527 11351 35494 85342 29135 29154 27077 77759 11213 17151 4798 77075 55062 24025 99009 58617 43999 41625 17029 19718 48370 54829 40819 44129 79444 13346 75672 27207 88373 16018 49299 32899 27368 1144 18241 72854 30298 61669 50613 57862 95172 71762 51289 50233 95786 66649 25201 56136 8273 58582 75854 72994 13410 16672 17123 9205 46369 9146 36412 51093 25163 2062 344 68882 3205 34936 49854 96604 92348 24068 91775 80461 91708 58360 76246 58356 83560 32382 82981 58493 24587 55974 88255 57610 73096 97459 20331 82241 50222 71423 7403 52283 71766 76285 71840 6701 18020 38045 19657 26719 78464 27783 7179 70171 2494 99776 28527 2406 48509 11507 60898 73095 67480 49152 47057 56928 62963 67387 39168 13184 55161 62923 81819 43279 55559 53658 49979 89930 8054 85987 
500 1
33000 86518 30122 40178 56688 48967 56305 1566 51372 4814 29424 28622 94260 13256 94125 41316 70183 57087 25054 25702 70271 80215 4976 52089 23493 60534 22098 89823 50463 46503 92162 83462 33020 38635 39991 6060 87601 96296 7625 55325 17461 37049 83946 11720 50304 94422 69388 36838 51509 94441 62539 38131 91007 67515 6571 30851 44400 45020 20674 11215 91522 29187 94676 40894 67821 51019 46953 55421 63666 70929 10745 81126 24329 11042 92845 90984 5464 78584 44173 73324 73025 6712 27806 80383 90578 50728 11234 51329 95747 31907 62543 3620 61093 73571 60865 45265 24589 24169 685 88254 11450 27782 69379 35778 55175 78575 43114 60638 57159 87286 50313 46535 10349 94470 26917 17278 45197 38150 68607 57295 86408 31149 60915 63852 4719 9116 45659 62300 26153 33912 73749 53934 19642 25878 25460 98217 68991 2450 71727 56277 52762 18261 66625 47232 45177 83903 92428 99679 52509 66075 86086 9 43341 49938 21080 81471 75405 66738 60122 1557 17002 33870 71842 36643 59748 97302 51211 45090 99751 22937 1366 68864 41197 84343 16095 2726 68245 24875 2404 37105 90949 4841 53465 34289 71130 74544 15759 41282 75881 48091 74635 26102 36285 11277 2201 33586 62488 47291 49688 1776 65008 18551 59325 49350 34646 62050 33946 75872 80805 87402 66820 85645 40867 17460 56775 15410 49570 19661 73043 41802 84103 47677 67904 20387 75306 86456 53972 54145 50098 3659 55920 15106 38562 15244 80807 73207 93645 14753 49078 74449 2154 32249 76446 59372 49708 33220 74782 15629 69232 64176 57431 53334 28205 41686 73721 3510 28141 44044 57654 78239 64055 29925 9696 2616 45169 90502 92174 55165 5254 57603 29614 23760 89851 6059 83131 55910 55630 74264 87890 24861 38440 45320 78194 82996 87005 68266 86505 31498 28662 60510 9736 92716 90434 35783 11683 51954 26284 3856 7119 47890 77810 53084 71649 84012 59142 71131 39921 31123 61747 44162 55983 186 89482 50528 99533 92838 35146 86037 24335 63807 62898 50422 72874 53331 2556 84556 21637 28840 4763 45107 76729 82572 98190 64729 66583 73683 35859 22855 4805 97605 67016 77139 14142 72849 27666 13674 65687 79163 16062 6373 42969 78959 73147 32194 48642 75702 16749 70278 20893 37863 15384 97621 20434 62349 87016 3607 14560 26222 8411 12164 93238 85549 42658 66086 29566 56331 48124 8729 88745 70849 68049 67703 60347 16595 32696 36048 33343 2973 56941 87558 34708 70913 7991 64632 33262 11359 68238 47821 37580 93000 76336 47169 78548 18993 29607 24466 91676 94082 49546 96772 64930 64474 25276 50540 97170 77676 83883 16494 50968 71440 67554 38232 95782 32185 71493 7140 16775 35665 61072 9774 28353 24592 88322 63697 54198 12787 55372 48280 78684 52143 29561 12629 32969 71189 63169 46490 65216 63403 79335 32535 51194 46888 70766 46975 79073 58611 70467 12199 94275 21972 38979 72481 10293 2676 43031 39431 74399 7662 18114 42894 37222 30743 92214 24762 10263 38703 89977 73665 34389 38863 24858 81277 9629 71832 76701 68239 58650 88899 78865 6539 10870 17844 95372 37515 20519 38402 93297 94917 46063 27763 
500 1
54162 99636 58505 46375 40750 85119 85077 47078 58783 35818 85941 83640 17094 95569 71823 93794 63807 46825 99044 42671 53363 9913 76866 65086 63779 97384 3487 57076 8653 65901 84838 62814 81889 59694 9189 22638 44812 10617 69715 19946 46434 72007 3585 79879 67575 91759 90024 47733 38583 89067 6756 8298 15332 83621 73383 95462 97357 76870 52537 6009 59122 53726 85174 41010 13419 10714 79999 74582 21331 49714 94527 84116 38072 14463 80347 5647 6222 70370 69731 44804 75789 76486 53101 91120 60107 26484 86581 73815 19705 55470 79823 78826 9195 81348 19836 38966 92062 16186 13547 29744 65899 24426 30211 3971 38888 10557 25969 45109 80927 95699 6265 56715 88537 75717 64186 64995 2200 67118 38809 38256 38939 34983 17082 48134 16330 53269 3451 8391 69454 33349 54486 51705 57774 84697 72027 96662 95253 14347 58122 92531 26397 64386 49245 14933 56455 29782 79927 58654 13252 18735 13262 52190 70069 46695 16675 86399 16315 20125 11141 2120 53474 65627 53824 11247 66675 42202 24260 61927 56548 98734 70810 82945 79471 20054 14229 35925 66188 94156 10931 79439 29242 24192 31628 99311 70886 48303 2061 87200 84779 13201 89319 38252 95179 59495 65851 61853 1696 6462 40132 74596 5195 10941 73892 84666 47346 88120 36942 29885 98627 47872 9323 27869 72063 57303 43531 59300 5605 45591 46499 90383 58791 52170 44987 70322 28016 27189 48526 46063 33650 88657 20658 38845 15949 10901 39862 79647 15373 76803 9531 13999 41027 35206 58219 13089 92508 1749 72389 14464 47339 35239 21198 22482 3760 66184 9155 31775 93372 57680 77838 43374 62689 14847 98570 78637 25748 54783 74635 41120 31585 84166 71470 72611 19371 29689 2052 28230 31437 90792 42693 95128 42382 63890 17609 46142 46426 26763 94268 56149 794 88457 15874 63482 3304 14443 58471 45403 69225 33105 2874 17162 33622 74343 6124 52992 4031 8175 97573 35468 15318 40265 30595 57700 20507 64555 20193 83284 7669 30812 55784 24814 19269 71658 88296 22572 86100 46766 67974 71677 96222 70847 88838 29844 61541 94961 99187 65572 3136 96760 17391 34805 37024 47985 92504 73882 28891 29048 73517 52911 59860 29301 77724 79128 958 82371 18051 3409 29136 2376 75085 25358 89574 63922 55201 51114 75235 54387 16685 94722 67498 34075 29526 4522 98411 38382 94755 43653 67429 68272 96563 43640 13924 90639 22767 14881 73009 40817 34641 18497 43192 26078 60206 32765 89999 31758 83879 65233 86144 16915 76306 69994 50990 5832 74515 65752 44213 85621 9405 27993 70244 22319 71633 84167 12957 10751 15399 2318 51568 50040 20814 11111 76117 81019 60228 82467 12776 60458 64052 15271 93724 40357 85264 44713 62540 76130 26817 6752 78103 36221 34745 48346 58539 22729 32513 87848 33479 47911 90165 1398 14302 27330 12509 90418 8348 89088 89237 37475 65897 69640 52745 59620 9996 54361 20685 72536 46842 47501 95639 24944 83721 46735 73290 58611 69463 5802 62810 2942 70064 52974 4339 84366 80303 33199 91135 5002 38638 80371 42476 4534 50010 11573 80506 76358 65933 1190 65245 12774 65042 60883 54070 48762 
500 1
7618 27359 23724 93432 49512 86534 12725 19575 55859 33416 3940 52514 82966 95075 57515 21604 91797 16343 42489 58159 44267 22994 34516 26551 40535 99760 55676 5576 76994 9745 70689 963 37103 10765 94395 86614 13650 7119 6189 69508 40534 26480 38373 23500 21554 12240 61455 29703 28582 20295 87861 89200 59641 22376 15750 175 38487 71425 22103 15480 81170 9143 16443 34624 19907 27189 21238 33556 50659 43778 3064 91193 70257 57788 31044 8163 70027 8850 37865 14960 29144 25725 4159 88784 64452 19908 88959 19290 91333 27413 34769 88854 36555 67563 23477 56462 11103 61066 90017 61762 4843 9432 69306 91452 83572 349 99614 53598 9198 53830 68558 38341 79554 72716 43477 60357 92624 32435 79646 308 76199 30766 5513 12753 14681 28989 85566 42135 6407 75583 3896 11249 1366 73201 2700 84937 89901 18665 54887 99098 72494 23444 53791 68399 12511 97267 28755 5134 46053 24752 21793 22251 71870 43657 51355 2902 88998 36921 45036 95404 28855 48932 6652 46572 38484 25704 47861 28385 44368 2747 27482 16862 26190 97624 85260 38700 11242 30367 60186 57294 71470 98330 95896 43339 41987 47251 46240 30984 84171 91276 26387 13025 56559 49390 59596 95042 75093 7456 23426 19461 26554 67260 52674 52743 81235 37933 7795 92477 84651 84332 49770 56121 99013 45666 99459 57351 9268 62051 88334 93438 69678 31072 22814 26236 96814 98761 37629 71906 22569 77407 7718 49122 44666 76743 18217 42252 31028 26011 34728 15678 26694 850 71798 25706 46515 87609 99409 72134 66011 4094 81923 35688 35166 4736 78275 48331 3496 15903 36588 26064 9661 44306 91538 54326 37400 9754 96578 68427 52116 47657 84105 78809 48506 72254 20866 11372 76214 20274 83505 42224 40720 65427 77911 92237 86514 72537 40567 90010 88440 77154 32425 98100 37811 23962 68778 75211 33715 81707 43637 85830 45715 27741 80990 94221 16347 18208 5592 92560 54833 5449 34784 95552 70875 29046 87788 57389 1583 28354 63750 6374 21860 12526 20825 59670 36488 5954 34880 86554 87660 94869 88736 49727 38961 86077 43947 55307 4284 65890 47867 75469 71338 99002 87372 58565 28047 75160 32305 29629 19865 12406 36002 58076 24931 56827 17746 61418 62780 68977 64324 66792 63845 53059 32870 19158 55487 76816 74464 59771 59057 38682 51591 46747 37683 38962 5311 82082 30473 53967 11710 50338 66372 64064 24765 91302 37242 42510 69072 16373 27839 49747 99516 8035 2805 32385 27192 58291 25552 1656 34413 84609 56689 2355 31355 94372 41317 53017 92805 71789 6983 4514 38478 73354 84929 63243 81007 22170 22104 66430 54895 49942 16176 54410 57977 35332 86795 1520 9975 28698 3175 60739 13306 59864 63094 61012 70587 4410 14028 63391 92550 37362 84256 47380 27067 69185 26974 24426 7706 65429 90855 62600 31723 7031 33362 6051 42362 36508 7570 52336 65205 27097 13075 78511 3312 92520 55874 90250 13281 86254 53640 5830 23615 54247 69561 50682 39783 12886 75107 63841 94667 82313 26440 26389 89343 59801 32439 48057 12660 56360 392 77865 83456 29818 72727 3119 22337 28600 93368 35617 14853 63359 
500 1
57799 54820 17606 43711 21853 73740 72949 13311 37580 67615 95623 64020 94003 84966 40172 42793 33022 52832 15504 49765 47048 98960 95935 19774 2078 34623 48373 11798 86592 79578 75156 60742 34397 92761 20804 56249 82853 93752 69559 20432 61366 81533 803 71720 66498 57327 30864 15871 26510 46368 81988 73557 61679 94274 93330 63756 28896 58054 91905 31839 53983 67061 92580 4731 76173 29736 77331 59025 23487 46889 79457 1205 28422 80259 72924 11271 53937 20140 43494 80446 66507 25481 54002 28185 36106 63683 8292 65001 38089 197 13192 92071 67257 22123 96802 43429 51858 74132 18806 75345 37373 98262 92901 82146 94872 65824 9768 48809 2315 53261 45606 68821 95093 99608 97005 31198 79642 21649 12551 17730 21845 25742 26153 5453 47864 39306 65233 16074 13437 84038 91418 67161 98651 84318 65658 93523 66493 75426 58683 68808 28686 4288 53980 40131 20247 67337 71328 99889 88985 230 33970 27181 25971 60122 32633 90187 99427 97865 6260 29216 81903 14029 12728 80553 14698 78386 90427 97542 70163 49109 66349 98848 69749 36681 55330 89995 4017 26658 6235 93001 43239 56557 20181 85562 33030 69165 75748 67029 98359 78024 48931 28739 7103 45836 43436 1840 36262 40977 72002 1723 23678 87202 71471 60358 42531 77817 64374 85540 404 73726 28779 56960 10258 14340 6341 79422 6439 55149 62802 4797 49524 28085 33535 56627 73920 93322 58466 26533 34298 30468 28255 57975 17669 16077 34684 76551 10246 15409 62091 10649 5486 90869 83960 15743 21560 90300 11516 27998 45449 90670 49146 11324 18754 99032 67950 9025 92353 42768 35557 26650 89587 80164 977 23607 96240 35660 157 6485 67421 62247 33485 72906 69467 33796 5001 91026 40448 32868 35375 2248 23537 84520 13571 58642 83551 81521 67666 75903 40640 3223 18905 30226 99738 19881 53832 95977 71892 53988 18814 39312 32587 68650 12218 18405 2446 17218 9431 59245 66437 61157 61492 89974 45677 75062 48615 29227 72934 16281 21482 29925 35855 40386 60150 35592 76618 30333 47920 64861 673 83085 4173 33259 51735 32742 68015 70532 66311 93797 29776 32747 54954 91267 39072 630 82680 87687 46208 71966 20319 67689 1890 72525 24426 62040 24468 1043 8724 72387 82256 9396 55472 86428 59006 7206 35521 27021 94089 1831 20817 23864 50929 75770 31482 90001 76399 30513 94039 38959 2478 14357 6647 4368 3233 47425 82759 27700 64819 91482 86 47074 17230 71909 33501 76235 95466 85373 3255 89554 87203 40424 13417 54484 16193 61250 44484 8944 91763 38522 47902 94240 69230 70900 14959 72462 18324 14069 161 83143 21903 16598 30216 39132 88507 80069 15366 83972 65441 34973 73526 68996 75396 3294 23479 91588 80896 84314 16883 72658 22835 64784 83249 92064 35684 14560 80877 54007 28628 81037 53501 50530 97634 83717 89661 2492 63785 5027 86464 45577 56351 76341 14572 31746 79634 38050 39685 60529 22363 56568 49538 61549 37703 32787 69964 89738 47346 50840 60097 92325 48228 13597 42855 62214 97313 32515 64705 77449 53893 67520 23026 10243 43860 37597 58340 23494 91999 98025 374 30713 70944 49912 
500 1
92262 8646 99050 78577 98384 62747 45769 58480 55071 93996 88428 97925 72561 85741 46792 37266 79541 17036 4785 2566 27279 48645 40163 1970 88490 48513 99994 5215 79225 87289 55126 87838 95935 70527 66415 10670 33273 12183 85501 88344 22530 73928 86268 95091 76020 49411 48708 55561 66447 69844 58126 10077 34840 14640 12046 23329 63152 28392 44896 58729 15680 21 46566 11614 70548 29332 38635 20172 41514 24135 8515 80396 14415 11135 75486 90434 60545 40545 45994 43343 10388 4120 53419 45228 35111 65465 84908 98263 10208 29803 73343 25887 46176 19908 53853 33075 49240 92487 53246 7105 32974 78113 3852 47388 89247 79337 37821 66143 36233 167 25838 46621 20638 79256 8200 55748 61072 93107 70362 71279 39262 43704 13518 85437 79964 67370 34863 29203 76208 88108 52659 25533 82572 56511 72920 88170 52199 27093 54313 88432 27259 96502 51404 64248 75757 59603 19995 53181 69061 6709 40811 24674 50412 54328 26462 30375 38049 61324 75929 30609 65784 44940 56141 48355 1450 45413 36525 70000 72505 7189 74783 16115 3690 26186 80362 95798 2140 16708 48978 87553 23416 89789 12226 90180 60468 38688 36906 98517 16363 29187 29125 82146 74126 1617 46853 91927 47029 83377 61926 19533 6917 36709 51999 10606 79246 48712 6403 81386 65420 71733 85290 5187 61521 97515 11718 38340 52554 48624 53208 85269 77810 82332 83766 68287 83949 30618 60213 47329 30346 22138 66862 37262 75198 35212 64219 54444 83924 70622 52181 65695 58706 37470 87233 36578 51336 98951 74917 20242 63926 28125 5510 58087 26808 89275 26373 27108 36245 86585 74437 66590 25074 57650 20204 272 92861 84422 71067 93136 71395 39599 75182 30100 93420 62415 66677 61107 77717 41594 81348 57994 86070 3209 16080 12877 8836 42452 39985 61432 45388 30773 28021 70461 88422 48224 87084 97634 48998 74502 90770 20392 14100 65951 50492 7519 44717 17168 68626 38785 75113 66325 96778 61182 85886 12857 74059 94721 71660 30395 56152 17047 61167 524 3860 65940 65100 7295 63573 14097 81797 70694 50840 12248 52997 1331 19767 97713 34851 4744 36498 26315 87420 49627 87497 73305 62484 77907 84377 50495 24653 56880 83894 2171 73756 4105 68110 55207 11399 31682 69303 93195 18728 36494 5443 71724 37825 41561 69436 89027 62656 22285 15341 66427 71912 19189 56084 50747 13447 56812 1241 38099 13692 1486 40269 3799 5590 8378 59005 16989 56412 44659 26535 75139 81152 48329 46862 35328 89889 32649 24354 68896 71286 56047 51675 43197 91587 7758 93943 5034 64569 11535 43132 94612 13021 99753 98410 18610 8130 73766 51950 80893 18424 78485 72383 15928 26813 35596 51255 33054 68245 91961 18301 55882 64359 69975 99078 55945 77732 9372 60978 42301 37258 20462 53264 50278 20214 51674 85240 44695 41791 37189 41940 60215 32025 14322 76142 58838 49918 43748 8243 34514 35708 26543 90395 16418 96518 5824 72363 90601 31547 49692 49253 68804 70153 2517 35434 90366 70542 20673 51413 12332 74213 93352 88898 6238 24025 81391 65075 90294 25139 89669 24807 77198 16211 31553 93616 29080 53728 82330 19681 85274 
500 1
32021 85285 54078 2174 87801 89511 8891 74694 26535 76655 87026 747 70006 75923 6984 94031 57314 88410 676 98804 78078 25483 76001 10641 73387 85968 39720 27115 68297 75752 28740 318 61037 82817 18843 65189 88679 44085 39883 15213 20740 26908 15960 7097 19182 39295 17479 92847 27705 18155 8002 22134 59989 84003 32774 33375 86322 88846 76841 54619 64597 5581 71288 25633 4749 90130 7174 9780 50566 47056 24992 71305 90315 57303 94754 25848 12950 12232 35047 57006 30386 43048 79139 6726 27050 28265 56453 29724 17110 33293 84342 81706 55225 71981 23691 76326 78462 30864 86105 29027 94271 27448 16684 84585 1103 11437 26784 14052 40020 61830 71057 86758 4878 66547 93483 48279 94811 49935 78002 11920 83228 78695 93626 54804 50675 33668 31129 29136 80883 33585 74515 75153 77385 91198 76089 78487 18986 19224 8890 59005 81054 79946 45762 2283 62844 39245 50561 57655 89179 44915 85926 88758 39961 95903 59914 90636 29570 7394 36123 10452 40979 10637 1956 34715 18186 94396 13201 37171 13620 22090 96176 94673 18387 58289 96955 81230 97533 63867 55236 3064 25133 41162 8173 65094 37064 84438 72081 66634 91832 24555 93437 49162 51544 11745 83876 69729 6140 97076 23252 19759 35517 35779 30783 53903 94067 27737 51484 7952 7956 6720 27367 49440 47881 51891 30885 84944 36329 19317 51577 44512 43872 61366 10025 11767 73110 93900 81495 79249 7327 21098 99008 42843 73228 29790 13097 83647 73879 64580 7950 98186 71299 51668 63977 19179 3558 94862 4123 56238 14178 72051 749 74401 49768 10773 86167 22877 21024 84014 18478 28350 5111 33837 87544 94691 79978 16992 78337 70208 97924 86286 68393 69222 37953 48722 4753 57862 43583 25227 14100 74112 13629 31200 48513 63397 58325 51031 86273 79348 35044 21102 24050 56507 54938 27945 51197 34916 44937 29533 5123 42860 32170 89868 28433 86474 38589 33185 44335 98523 74763 58434 72634 88392 5986 37498 51788 64310 88529 54412 43657 23572 91866 67706 80078 46803 95651 47626 81718 56939 77158 86841 16150 25679 93060 60934 12152 31648 94119 56487 30170 85233 31272 2803 73624 37257 56653 41763 1566 45181 12527 45223 68752 4392 29280 65182 51194 41282 12807 49264 14572 6317 52456 30721 48347 45515 91655 60499 77162 2125 33337 23683 3709 64608 42837 93685 18217 99489 35447 19782 61021 64325 81356 46125 85068 26988 11306 52614 68269 40464 1877 99193 63132 70684 46265 11479 16198 37919 88329 9711 56395 21665 49745 60104 86272 92581 53788 4488 8422 5586 40622 69442 86263 38329 15566 71330 65316 43223 40295 49937 83687 42171 49129 63170 29206 95393 74648 45403 49664 79328 71465 22410 992 37561 98865 3616 30142 52652 24455 38563 74590 65076 24356 77204 3405 39922 48533 85072 83144 88828 35008 83182 47350 84136 46352 76556 95881 37351 38310 61896 16679 26127 84305 34022 63687 83170 37637 10180 52173 78444 26762 43519 89450 20317 63275 29371 68850 64699 28866 74029 99706 12048 37730 194 58399 30637 96074 12101 85299 57969 28779 27777 58625 79153 7815 41794 16789 17995 93967 95232 83088 37080 
500 1
55103 88889 57397 34729 34611 42598 99427 63477 32978 15485 91876 87059 15678 66626 34048 28103 78726 19346 2423 23857 63474 61047 3009 71288 19193 36149 5634 13159 47733 88722 66590 2835 93962 40338 53915 28573 99287 53342 8401 32264 68826 276 35675 855 66901 69722 28957 61978 5419 47731 85834 68892 8777 5194 40179 27969 41343 62165 57479 89075 50886 40421 8261 61199 80758 62175 6123 80045 31868 14523 28660 17045 14798 64334 17899 98050 50407 63207 60028 55825 10937 62213 24716 36066 83759 81247 80386 25101 43411 54217 30527 10648 94637 38787 88198 75394 17313 94321 71790 49181 8843 450 82577 39993 81135 16828 54394 31542 96386 30773 3718 7323 92986 44786 59740 93096 26032 40125 18196 85794 94341 48722 12793 5329 3860 990 80723 21172 11662 68864 86704 20505 85665 69281 76849 66800 2460 31242 14693 98845 62015 18410 22519 71352 63195 98610 64447 5578 38735 98994 7723 49427 64067 20515 71108 67926 37857 68182 5449 49518 37045 92153 86374 22710 77785 79574 5861 96596 10816 20553 95440 89182 38962 17959 76885 18509 16568 57683 24086 71654 73028 31809 37433 37094 68675 8540 21371 22883 76721 26819 88753 30117 35323 91478 52826 13107 71052 58686 9702 98219 95590 21494 3752 34552 55804 80636 69412 88723 54670 93497 76729 44049 41657 30513 81142 26684 39052 2512 49566 32124 45682 38318 78592 81005 29796 31418 10463 847 6455 36517 15417 2045 58010 19168 52948 30165 16155 22359 18887 70824 32207 95615 14872 90216 26127 12365 16899 81530 31228 66464 30005 76909 21134 8597 74265 67281 56366 1080 68127 79172 37596 99895 81216 11957 19062 50515 58473 35216 89225 77359 22391 37784 89326 37262 27999 31804 65978 61249 29686 97205 27712 76042 90465 65197 81082 32477 57355 82161 16955 52879 36108 16849 50446 64416 35910 961 22888 71125 6537 16598 93515 44320 5923 47128 88670 54079 13105 49918 116 26661 93982 76157 33478 75530 77147 14559 8007 50853 13071 24961 3731 49178 41810 54177 13593 94071 71489 52832 81548 78025 69429 75062 38697 91704 38542 27366 45782 67998 93636 62249 94659 3969 38405 28136 79498 31903 59046 87504 82756 72116 28817 2838 21293 86978 57014 51237 97400 44854 4068 78947 22879 89848 70361 77927 81551 8902 21644 43684 76899 15279 5932 87909 35599 44337 32396 15097 92591 7793 18952 75346 79908 64120 94536 17552 51097 67901 85140 48497 12755 5559 27443 51985 95407 14155 29911 76957 23056 51554 36993 16307 83185 42924 20567 18783 3612 69315 50231 96203 77107 69183 87900 57015 49654 82435 90918 751 50336 76058 65599 79442 81616 9393 31426 77022 23548 77688 70331 46603 29241 79261 28777 50246 99828 63912 70210 85494 14142 66412 62600 99676 54311 19614 65682 53098 26884 66432 3433 2941 48382 82874 908 57774 30651 94282 81321 8338 64612 44276 53930 88286 39888 99059 54883 56067 62970 25092 41560 93463 91503 4160 9491 62166 75172 15263 67008 57955 35047 86300 6336 17920 87208 64109 64922 81489 61782 73259 46100 22409 43540 50737 62296 5619 18363 5567 30711 76274 15382 38565 80433 41224 
500 1
730 36910 16395 32344 3917 90701 67390 90217 97036 1661 93776 77496 66582 75264 55629 56192 37715 78037 99732 88451 56685 42329 94069 91399 64248 41131 67672 95981 79696 64457 37204 96777 1366 69950 29121 21634 60650 96510 11850 57685 14523 21977 51532 81104 97240 7161 53648 51306 1549 53379 39756 58233 12059 50177 65983 92658 7659 33655 88638 87354 14463 25841 483 15828 95790 45955 37461 56439 58816 65663 30475 73338 87639 98359 70794 1231 21871 24441 52536 23419 94171 8644 98004 6229 75172 63986 98887 82830 13992 87524 86536 28454 29717 87018 60633 25506 32972 98094 98297 91787 80108 45123 81477 67746 43481 52270 68976 65351 76710 37864 5122 70880 46507 3125 93460 21678 83462 92346 20859 13806 96222 7394 58611 25938 10763 19244 67795 43734 33689 82443 51873 13796 27566 33349 81541 71046 1970 66869 52749 78679 21084 57870 65910 83942 60994 75721 21971 60807 84419 42829 74612 80640 50223 33223 22929 60985 52466 7075 21071 86154 89518 89295 16301 17083 38995 14193 4480 40964 97413 57228 35994 18496 15097 18255 2437 92442 93975 24407 53249 78393 83588 27860 75384 33810 77434 98312 11146 46251 5387 48568 48756 11256 37862 65056 28338 76856 79249 32817 34171 76661 90045 70164 95157 21493 88418 13945 13935 98745 54704 67183 77137 38291 11394 68873 88452 5180 67184 99597 51430 88922 64517 16538 177 18730 81593 44866 11938 60841 94035 46108 53854 431 32624 65362 21923 37393 79306 35857 36137 34009 19391 29626 88651 47137 98498 77102 68668 82033 93051 36449 87307 57567 52986 3835 76296 34579 48701 88233 11771 42735 50693 65624 43165 83316 30985 81439 20708 26643 33648 73197 77003 69390 2822 65654 32878 1319 42755 1545 83351 52157 37994 70657 9723 7331 74492 2371 58261 39544 6955 70032 98630 73999 52007 58146 57314 99344 39584 94374 25986 73231 67570 2988 42621 70391 84993 91850 88061 27748 93395 71411 96256 47740 58420 22331 55070 49263 24701 13331 5158 48007 99714 3787 22006 51720 61932 95671 51063 17867 90044 93400 91098 57613 96388 50070 44355 81380 41919 32415 25479 51665 3826 38087 99404 78597 60417 70826 44211 1469 508 49368 49475 221 69506 87832 68292 31437 83503 35707 65655 89898 29106 73104 47511 41845 23173 91865 39577 81444 24280 81407 33108 44457 19493 48864 39405 79909 36041 83615 97729 36548 49334 63556 53120 18839 51387 21411 66627 51241 73469 32281 41139 2575 5385 5001 60771 44909 13217 16699 42704 53848 98106 75812 98304 33950 41027 54060 30211 77067 54026 27939 29966 3359 91494 83085 38549 59233 20847 5175 26825 94316 53808 67963 13242 75544 89315 90364 36804 2532 7063 79508 56379 21520 71671 71035 71821 12697 25094 2031 6115 95472 46322 36080 98830 54167 35516 37379 29751 56362 58905 56576 50677 29064 40890 80270 4607 30205 70634 41411 49088 94048 20918 21818 15567 8940 92852 3739 21636 34298 5770 44102 29769 68443 80181 44950 38961 15696 98680 68712 88409 57585 41639 55438 3000 82528 23959 29084 22692 65369 78171 33091 2638 99989 48657 11577 9192 68748 49564 43489 90869 93665 
500 1
89609 59311 90197 34559 14623 22244 49590 83334 27004 7174 24972 82441 26526 23852 34500 50484 52935 73543 32204 31106 6634 51193 47446 71642 79121 56637 40389 28684 16478 31257 38700 6086 6919 45248 56996 21542 67491 6586 4875 94494 30111 46199 93287 56636 86402 27786 7119 39336 1328 39322 86793 24313 90514 50590 95955 69634 7227 36343 14669 23704 67600 69720 46141 74518 14967 19489 12411 82457 26074 17286 93303 72536 79836 86589 29172 82589 30726 52642 38276 48405 8316 25069 72718 15181 92010 68672 1167 99236 21366 32187 39291 88965 1907 85432 79835 16873 21272 92245 15682 47345 25882 8984 36232 22069 11924 65403 21009 59001 34397 59285 7405 59064 705 80122 74244 92714 65145 75410 8302 86511 7597 47592 91827 9503 49375 88013 42727 70646 96610 58408 34342 38843 83743 70574 77264 12018 52328 98272 71018 86724 57556 78423 45787 58260 74896 36383 50974 56393 11792 59275 42903 35740 23218 51081 61594 72593 55446 20673 59590 52055 95432 93932 7249 79175 64505 84512 7544 16832 82784 78562 19908 40339 73336 82046 14951 48231 18428 82276 20975 46572 57902 80229 98663 81119 31310 76609 70063 3107 97281 29653 55161 92712 23584 62409 88238 4440 63273 95782 37623 46056 74343 57530 2746 64030 55928 34048 12260 90707 16323 49587 53630 74224 29815 52293 71695 61124 45253 41757 64230 42533 71409 35742 51596 11344 14503 39834 15783 77775 35615 53406 40182 26309 27287 59279 90338 83214 93327 18949 73921 26001 68535 27550 16577 98350 96194 88271 75825 41446 30027 56407 330 1436 8500 51926 12779 23002 91759 44914 17128 43725 98319 73661 86385 25605 49292 93074 8819 58970 28374 99091 84970 13261 42992 1546 11610 55538 89816 3786 96983 36195 60192 97313 53982 85044 65590 83112 8045 73700 28025 41525 33776 26343 15185 20160 51948 80828 29585 77118 39797 57958 92560 24767 71218 35551 42664 99179 91088 48832 19317 4423 85026 95860 18087 39007 80903 83676 22118 88948 57375 50143 46824 91150 92837 78360 27661 61136 59188 57245 38253 98984 31554 47164 40102 2772 99067 82766 18302 6506 31597 37618 10928 32974 33478 45366 71980 14380 29041 10449 19679 2767 76943 66502 10268 69780 44862 37928 30915 4049 11524 85520 19384 59430 32683 59486 62201 31749 42251 96854 38255 90199 34472 65534 23172 84301 10900 95151 98680 56292 21951 18359 59059 98894 1212 69326 68673 46073 23606 99587 66473 51481 85106 85857 10910 17789 45342 89462 65889 3944 2668 4143 94142 37139 86029 17313 21439 96928 28815 36470 53219 50765 71180 12277 49658 72392 97955 34682 34816 37912 34269 1289 5744 35726 3497 33006 69866 65190 38819 35755 69133 41486 56249 79626 78624 42277 13290 16414 55556 58456 52884 8775 9220 24063 37403 75230 96454 51709 9911 47622 5972 60531 48910 11716 96257 68758 61073 82474 33947 99891 18228 19431 41377 90829 15408 20000 49457 28697 52766 5013 87152 22001 30139 12723 46063 83893 4304 58869 35602 14215 6490 57925 91097 71751 85992 3705 56860 47064 86179 7158 46955 20758 26588 4683 11586 58347 41034 77395 3395 93799 82407 6898 
500 1
15799 28897 19620 78214 12789 23924 53434 64742 54490 76275 22667 45586 48025 25010 49291 21236 72074 51821 28393 35380 72578 71332 40062 516 29678 81095 77910 33072 91246 76668 39969 7044 5564 75940 1609 34704 16215 55042 15798 87056 31316 54816 32642 95692 79825 98284 16927 68250 66456 45319 3629 39033 16650 60042 39548 62679 57489 33809 12102 48734 10476 68422 72129 32391 44362 73738 83447 76928 28779 99244 63984 76447 54059 12977 72138 50235 27612 89065 18485 94067 50735 38465 33099 67385 14859 88999 46415 72347 22807 58517 37432 49635 26938 9560 82025 87651 83297 81823 80931 28428 81066 44914 4874 51476 57890 77011 18063 85501 82427 52899 79567 33162 91363 29017 16898 22573 18015 63312 11271 40822 38180 48702 90456 81470 58262 88832 69120 57910 70655 50050 2689 68072 11315 7562 19548 69204 925 37610 71056 83351 90508 66974 32864 98222 95991 66113 37147 14005 45777 48417 71178 83956 97119 61633 65425 71732 66817 50897 45993 37471 17298 48682 5542 28613 72595 41441 14168 73519 95402 1576 73222 2261 68549 22437 483 64539 88550 53981 78544 34326 2397 49721 34633 15867 27706 16410 3950 94522 83658 49943 48344 955 14976 70237 45919 87570 28030 76439 77441 23431 78014 67014 25692 46562 89450 42526 11101 94351 96506 5996 45028 15254 72068 96013 31121 16125 12422 35070 26998 96079 1364 75341 13385 16339 61930 75656 20261 89959 52094 97701 29741 46459 55432 93020 86867 14309 20472 97570 27166 42819 42597 42420 31239 54961 73540 47363 83734 24961 74361 79812 26325 66053 9549 42663 27982 85204 79275 17940 53649 93327 47681 107 74392 19464 9478 61259 50125 46302 75180 77290 5472 34128 19709 36710 89089 93248 84073 72822 18209 58433 68986 60885 24485 78534 3547 68819 80089 99174 3110 50089 92500 67142 66547 66892 86606 92376 44502 53082 55029 19681 30371 60501 53808 50080 13562 59248 59679 97634 32070 94239 72418 1055 55123 13255 95940 75022 98425 92380 74195 1534 58820 83046 68676 25366 49937 71633 34093 10790 24714 89122 46822 55084 65974 16982 21515 79535 76229 97546 77169 8298 8136 65938 25704 63259 95544 37995 54632 93968 46726 45178 95502 5545 28223 64177 47262 94512 52161 97707 21653 76874 86828 68475 48309 52801 85456 86176 32335 61684 83721 25855 86334 91856 8145 28389 71466 3688 82736 42449 14008 29461 3978 9509 51358 48553 90037 14971 43064 42197 12677 64716 35422 15856 49542 82 68656 34997 86257 17343 13033 69977 59549 15718 78185 67693 60458 66002 71381 43193 8451 1740 89006 28780 11248 56715 77332 17636 88037 36747 76184 714 1463 11605 32921 67356 28038 17929 2353 14295 35271 31737 623 94819 63806 95159 62512 24263 61161 50244 67456 85963 51983 72813 14742 79582 29527 92074 97217 33915 28820 73400 50980 46634 1356 83901 13990 29393 1829 32694 60039 37099 80782 60662 48269 44587 55820 27132 68849 16980 93727 52656 19294 45709 41820 34036 41642 87698 42461 55210 21613 87632 44961 72592 50618 46316 72844 64607 92061 74672 13652 52099 28122 10785 29112 76391 55371 84932 19874 40571 18263 13601 
500 1
9579 53909 75661 51398 87944 17303 39096 46756 72512 60708 34387 17473 49651 85004 80140 22495 65962 88552 97166 95965 57003 41640 6749 86114 34382 78471 87397 54255 35394 22012 67855 44972 75920 43516 12721 80215 77170 51816 43322 66033 28875 94060 99857 78526 79064 96349 17372 61377 84900 14537 73694 58254 72528 96794 60720 6909 91617 64468 77516 27010 86479 45370 88333 78750 5237 1053 75316 98758 52869 34989 64791 98095 29049 64647 76620 24464 60995 93991 2192 62247 24880 75885 36852 13759 89031 97571 20668 80647 62039 98183 24008 64869 59904 12340 59971 65141 29744 51638 80250 82612 86627 45040 97059 15675 26039 73678 40138 87033 84021 42329 65631 25252 34566 2483 39010 23596 53 76029 20594 78443 90563 44601 43312 50467 73292 19634 31959 3035 71271 12208 1999 57897 57248 99057 73571 83286 89086 30060 86670 73106 88741 68653 14709 39658 71135 53719 63253 87539 46099 83846 82334 36662 44798 25645 87128 18089 45278 35438 21123 16548 47645 23121 90797 21244 22177 80719 20881 11263 27131 23903 720 15871 92555 15429 55528 80041 85499 35132 83931 47949 35329 66264 84610 96478 8260 88089 14566 69889 23526 52040 2789 87523 91513 93585 25118 13689 74303 62351 41303 1433 86253 58375 33655 95159 90155 5534 91551 92005 57017 91833 39953 92345 58097 24563 88822 66356 12651 19739 52597 52529 71779 55385 40051 79643 48969 81520 9683 39623 43870 50986 57408 46474 25712 7414 57984 15866 12948 49534 24222 69964 41367 64174 78661 15815 88736 83834 98522 17739 19925 51118 70267 8055 6502 26669 87697 71822 24540 97379 27797 68410 64716 85204 31235 90427 92617 89219 22644 21916 55104 46865 8232 12822 11039 86892 28636 16126 87077 43510 50216 7001 94627 20482 15055 17481 63502 19103 5654 4394 16482 33450 72803 81197 35005 20389 87976 43974 9607 26971 65889 81063 73836 74120 93884 1226 77363 38872 17351 64440 82381 83919 87792 93359 4400 19199 27191 84254 38301 32845 88647 54782 82646 77801 52331 17651 14541 40306 61624 40500 67276 27512 21562 57463 17984 31797 58688 11698 70668 92391 92489 69400 76309 80281 79111 97060 99479 6301 97665 54131 55497 2663 8913 38143 96815 77595 55793 11356 17900 33768 51855 1527 61279 73416 58990 95614 21564 34029 7312 92232 42771 99800 77983 35431 96432 57093 48843 95910 79746 46507 66393 35242 65522 91657 89736 62336 69251 45528 90043 3502 79295 41897 5028 56926 31664 80369 68891 53228 30750 76202 61811 89872 76002 56145 25303 72433 13238 74145 84695 9335 37003 67439 60928 2524 59095 50664 81212 28345 96191 71254 31846 91838 29503 53225 65115 61166 33594 34005 14393 80695 10207 70566 2560 48700 95868 91344 78289 86364 92390 87623 23367 59828 48550 42242 18922 99213 39805 47266 11756 11059 95463 19945 40561 48688 85059 18078 82281 19063 48823 79327 45621 41377 49892 64532 90076 62112 55876 84716 48475 64617 72338 88193 24445 37240 46787 59718 52804 86591 23336 64559 14001 18798 855 70913 67485 85913 88991 66117 21328 37813 45443 66948 95541 11687 31480 1969 73798 3707 86684 38624 68323 75374 
500 1
43169 9119 12613 89955 68837 81768 92897 8524 62679 6898 27321 63533 94162 94806 49446 83152 77274 87125 37316 22717 54072 32857 50755 1903 51177 24552 21961 37860 79527 90284 29585 22695 15754 58549 29001 942 40317 21898 9465 2995 45147 36786 66527 39308 47943 32324 38812 25216 19448 76127 64284 89872 25335 15038 8126 76511 55941 30087 30723 35468 36722 60307 58162 52475 18856 87163 69769 59172 25412 79233 62166 70558 32370 45044 9865 80312 77368 65028 21880 13167 41155 86163 19390 82841 1201 27516 59352 73493 57602 90074 8960 94323 66732 67122 63149 85587 70636 49269 44758 96047 44854 23275 82956 77223 68319 9172 73887 62038 74200 12118 91556 31706 98280 10946 14546 15832 38461 90249 89325 12414 80322 14636 23088 47054 98109 2588 48992 68744 51857 93750 81142 96710 33376 80449 18046 89621 64170 96435 63820 92639 87991 95525 90919 15288 26422 23102 70100 16671 28778 82513 13344 43414 5600 60397 41522 24539 25741 26618 76395 35842 24111 89456 69217 4560 79740 87263 94180 60261 49 74351 52900 4391 86227 60170 19678 12648 99623 89777 29318 44753 88641 42662 88166 10592 19410 46039 35131 45150 89008 27877 80991 29471 17333 66560 34030 97072 70174 44561 73684 70222 35263 26583 74613 21489 3104 94290 50488 2727 419 79806 63831 89059 38819 51996 16003 58228 14386 51133 19730 19746 79009 17072 49216 96341 83631 99597 9764 53804 60509 83448 40378 95771 26382 14990 33611 45838 25631 84098 64916 42401 80255 28746 47812 19073 97093 63814 77301 27830 14946 13382 47575 10306 30453 13142 22999 14084 12738 32762 84239 73246 32561 24616 85368 75295 55957 18978 21132 97940 19428 86047 40340 99682 31144 88151 35107 28236 51964 12407 56065 83261 42140 19992 93567 72592 33133 16565 3027 62223 65678 3618 51820 14591 28233 53540 89885 542 88869 27368 98481 8296 29766 38820 24330 60909 43323 59436 89144 11638 88194 61560 94899 30333 97903 4817 19276 31036 37733 22303 9610 3410 25920 61429 34352 70504 14968 24236 71045 3837 51603 85877 28484 97720 41049 52813 58628 84371 12248 64123 96008 441 42035 7258 47125 39937 12074 66401 87324 66158 5055 96933 85920 30974 74714 20271 17829 6033 60859 5226 9869 28813 91102 54705 26533 32150 7517 85160 32872 36117 49283 28880 52909 7669 52489 34 47605 80915 82786 34929 47072 87840 48213 32991 35165 22926 53262 52993 45311 30472 58218 71531 59284 65672 26235 85816 14173 50104 70976 47045 86220 36610 92276 55480 44278 44764 55513 8234 25678 54650 59514 72750 42489 7727 22092 77653 47004 91705 46998 92314 22176 21567 63845 81460 3590 90079 67275 17763 40182 54602 64807 42753 7563 57082 98233 68192 1845 70097 76426 27523 41099 35939 16624 83587 60017 38715 77592 7021 30420 40941 15686 68947 62507 79530 50406 66097 85961 34033 211 42494 4986 65017 1599 12549 38450 16183 97092 40294 2631 73517 84168 43729 25808 17143 27316 2176 72210 21259 25548 2629 62199 41234 87927 41057 37115 38333 23505 39427 88717 23715 98273 93702 5083 99871 6250 43532 16053 3342 178 18683 93210 697 
500 1
62412 35369 17840 6079 37545 90049 43689 79444 9029 5887 37029 96955 63295 74144 51639 86800 29922 40355 26866 28194 34057 31949 28064 40306 91832 44116 59999 92009 79151 69561 92706 57914 21281 26897 80344 75177 16945 24032 54621 42325 46270 91649 39279 9564 82144 90918 12715 12066 31272 55933 40259 65328 4233 68323 21986 12416 28790 98336 4425 24292 84248 13482 82205 5529 56730 78900 80705 90026 2931 51677 32350 65552 43326 87980 91468 41821 78897 20534 53886 26521 76466 94145 8200 97050 78819 46537 9466 23960 61225 30242 48252 45472 60075 46808 51000 16804 25708 48057 6829 28638 99733 39178 94190 59410 43509 85657 1231 22406 6190 71468 65278 99008 81964 89829 96057 60782 36366 21874 84742 97590 52115 32993 43061 12189 79800 10413 28992 21859 74821 52172 50497 90905 7701 61038 50315 51210 63046 67897 89967 85587 55716 55244 946 37680 45072 97003 14813 97789 35228 99554 95378 87343 48898 54791 15883 45050 65203 61227 66908 56375 13398 33756 47279 21099 11145 13945 88660 74190 81841 78626 76129 53909 50221 77074 91588 95292 90428 6400 9433 25656 22306 4810 29350 71203 75952 45232 32604 57506 6458 15864 13880 36208 49619 61159 73658 77116 75103 62317 51305 73296 40942 43785 27204 91162 20859 35143 2805 11286 57894 12237 53293 80199 33399 82642 67754 9350 27874 357 66856 50683 16220 97087 86890 82191 58245 60547 59306 49700 22863 26962 22995 80156 70747 66550 71317 7957 1692 90474 19242 59585 19062 88887 56136 52460 71528 23889 78162 99401 40597 61369 50084 73169 58455 53325 71711 33052 13872 31016 82751 36734 74329 5745 33242 61427 88646 20910 69383 90337 11383 4977 66273 46797 93863 22408 15608 65390 62648 93769 81143 3245 71489 31226 76413 29944 84550 48123 62995 14773 95490 45745 67859 86170 67841 1100 47597 56486 22009 16979 63174 49744 21955 45798 96540 15817 68206 12147 81207 30853 22268 62349 50449 93756 9926 43213 23699 10827 7687 3045 25600 3176 65141 9810 89346 32981 10909 53294 5818 32917 70272 85343 99012 92227 31141 95551 24395 15698 24050 21953 46550 46317 653 13351 40072 26930 56563 80123 37757 64250 83167 79708 83777 48308 89517 89474 97640 425 42767 19810 49693 13039 5152 65057 21617 36292 60607 62363 51989 1008 84316 14891 47324 84968 44593 87396 28250 1155 83870 66006 81756 67036 62065 65533 31695 51581 71358 29335 68357 14125 65496 34401 43515 70647 15809 65131 23291 92768 27493 75279 93775 28160 6521 41099 29480 51113 44846 57729 68620 28715 40086 50375 12102 2150 32259 43797 70082 3617 89483 38438 17741 54978 89190 61255 41976 4999 42737 65266 97766 70229 56897 91540 14741 63417 48990 44220 30882 10187 1948 99501 38901 42033 66227 67355 44182 98486 11151 30615 2102 16985 85404 36194 88314 74593 97448 30289 95943 56536 95555 10060 26764 68803 17952 57856 32219 66941 2075 79452 93480 20374 78952 32380 62406 45179 16086 22939 60016 43588 69905 62117 60572 55308 98310 65237 29901 12109 95526 42195 68644 7432 52255 11759 76234 70206 69615 24804 53498 88041 4256 46977 8415 99559 
